Cluster_Assigné,lien_top,lien_prop_top,religion_top,religion_prop_top,ethnie_top,ethnie_prop_top,nation_top,nation_prop_top,aff30j_top,aff30j_prop_top,durarr_top,durarr_prop_top,educ_scol_top,educ_scol_prop_top,educ_hi_top,educ_hi_prop_top,diplome_top,diplome_prop_top,activ7j_top,activ7j_prop_top,activ12m_top,activ12m_prop_top,branch_top,branch_prop_top,sectins_top,sectins_prop_top,csp_top,csp_prop_top,sectins_sec_top,sectins_sec_prop_top,csp_sec_top,csp_sec_prop_top,serviceconsult_top,serviceconsult_prop_top,persconsult_top,persconsult_prop_top,age_grp_top,age_grp_prop_top,logem_top,logem_prop_top,resid,mal30j,arrmal,con30j,hos12m,couvmal,handit,handig,alfa,alfa2,scol,emploi_sec,telpor,internet,a_assurance,alphabete,elec_ac,elec_ur,elec_ua,tv,fer,frigo,cuisin,ordin,decod,car,Stg_formel,agemar_mean,agemar_std,agemar_min,agemar_max,volhor_mean,volhor_std,volhor_min,volhor_max,salaire_mean,salaire_std,salaire_min,salaire_max,volhor_sec_mean,volhor_sec_std,volhor_sec_min,volhor_sec_max,salaire_sec_mean,salaire_sec_std,salaire_sec_min,salaire_sec_max,superf_mean,superf_std,superf_min,superf_max
0,"Fils, Fille",0.49074074074074076,Chrétien,0.7376543209876543,BAOULE,0.8611111111111112,Cote d'ivoire,0.9876543209876543,Aucun,0.7314814814814815,Aucun,0.845679012345679,Primaire,0.46296296296296297,Primaire,0.5462962962962963,Aucun,0.8888888888888888,Inactif,0.6450617283950617,Non occupe,0.6450617283950617,Non connu,0.8888888888888888,Non connu,0.8888888888888888,Non connu,0.8888888888888888,Non connu,1.0,Non connu,1.0,Pas de consultation,0.8425925925925926,Pas de consultation,0.8425925925925926,0-17,0.9228395061728395,Proprietaire sans titre,0.48148148148148145,0.9814814814814815,0.26851851851851855,0.15432098765432098,0.1574074074074074,0.009259259259259259,0.030864197530864196,0.033950617283950615,0.009259259259259259,0.5277777777777778,0.5216049382716049,0.5401234567901234,0.0,0.08024691358024691,0.012345679012345678,0.030864197530864196,0.5277777777777778,0.654320987654321,0.6790123456790124,0.10493827160493827,0.28703703703703703,0.012345679012345678,0.06790123456790123,0.009259259259259259,0.006172839506172839,0.1697530864197531,0.0,0.0030864197530864196,-0.9351851851851852,1.166666666666667,-1.0,20.0,17.925925925925927,159.23017416938623,0.0,1920.0,925.925925925926,16666.666666666668,0.0,300000.0,0.0,0.0,0.0,0.0,0.0,0.0,0,0,4002500.188807193,18664587.95917012,0.0,180432912.0
1,"Fils, Fille",0.7206349206349206,Chrétien,0.5058201058201058,Inconnue,0.17566137566137566,Cote d'ivoire,0.8243386243386244,Aucun,0.7693121693121693,Aucun,0.8772486772486773,Aucun,0.41164021164021164,Primaire,0.3798941798941799,Aucun,0.7026455026455026,Inactif,0.6687830687830688,Non occupe,0.6835978835978836,Non connu,0.9238095238095239,Non connu,0.9238095238095239,Non connu,0.9238095238095239,Non connu,0.9989417989417989,Non connu,0.9989417989417989,Pas de consultation,0.8328042328042328,Pas de consultation,0.8328042328042328,0-17,0.8158730158730159,Locataire,0.7238095238095238,0.9968253968253968,0.2306878306878307,0.12275132275132275,0.1671957671957672,0.020105820105820106,0.14179894179894179,0.033862433862433865,0.012698412698412698,0.6888888888888889,0.6793650793650794,0.5883597883597883,0.0010582010582010583,0.18518518518518517,0.17671957671957672,0.14179894179894179,0.6888888888888889,0.9354497354497354,0.9386243386243386,0.05925925925925926,0.8476190476190476,0.13333333333333333,0.4708994708994709,0.21164021164021163,0.12698412698412698,0.4888888888888889,0.0962962962962963,0.025396825396825397,-0.9671957671957672,1.0084300753801507,-1.0,30.0,152.04496634920633,615.0531667818227,0.0,3900.0,40639.18692063492,232815.0257348703,0.0,3035295.5,0.5079365079365079,15.614401167176538,0.0,480.0,634.9206349206349,19518.001458970688,0,600000,0.0014814814562520023,0.03218599766311247,0.0,0.699999988079071
2,Chef de ménage,0.9168975069252078,Chrétien,0.6094182825484764,BAOULE,0.3850415512465374,Cote d'ivoire,0.889196675900277,Aucun,0.6481994459833795,Aucun,0.7534626038781164,Aucun,0.9944598337950139,Aucun,0.3878116343490305,Aucun,0.6592797783933518,Occupe,0.9473684210526315,Occupe,0.9473684210526315,Agriculture,0.778393351800554,Entreprise Privée,0.961218836565097,Travailleur pour compte propre,0.7146814404432132,Non connu,0.7700831024930748,Non connu,0.7700831024930748,Pas de consultation,0.7894736842105263,Pas de consultation,0.7894736842105263,35-44,0.3988919667590028,Proprietaire sans titre,0.45429362880886426,1.0,0.3518005540166205,0.24653739612188366,0.21052631578947367,0.030470914127423823,0.055401662049861494,0.22714681440443213,0.04155124653739612,0.6426592797783933,0.6371191135734072,0.00554016620498615,0.2299168975069252,0.9806094182825484,0.27146814404432135,0.055401662049861494,0.6426592797783933,0.4404432132963989,0.5318559556786704,0.31301939058171746,0.3656509695290859,0.019390581717451522,0.060941828254847646,0.0221606648199446,0.013850415512465374,0.20221606648199447,0.00554016620498615,0.07756232686980609,25.23268698060942,6.046223406582182,15.0,54.0,1881.154614570637,882.0717938308327,0.0,3600.0,334126.91540166206,828337.4428929172,0.0,5307600.0,141.7229916897507,326.4576044415133,0.0,1440.0,21814.404432132964,116698.43097461064,0,960000,7718331.48746468,76214796.48762102,0.0,1290846144.0
3,Conjoint ( e ),0.8674948240165632,Musulman,0.6197377501725327,SENOUFO,0.16563146997929606,Cote d'ivoire,0.8647342995169082,Aucun,0.6645962732919255,Aucun,0.7715665976535542,Aucun,0.9910282953761215,Aucun,0.5824706694271912,Aucun,0.7694962042788129,Occupe,0.6066252587991718,Occupe,0.6135265700483091,Commerce,0.35196687370600416,Entreprise Privée,0.6701173222912353,Travailleur pour compte propre,0.48999309868875085,Non connu,0.9192546583850931,Non connu,0.9192546583850931,Pas de consultation,0.7853692201518289,Pas de consultation,0.7853692201518289,35-44,0.3498964803312629,Locataire,0.3940648723257419,0.9986197377501725,0.33540372670807456,0.22843340234644582,0.21463077984817117,0.04899930986887509,0.0945479641131815,0.1621808143547274,0.035196687370600416,0.4720496894409938,0.4658385093167702,0.008971704623878536,0.08074534161490683,0.9475500345065563,0.4030365769496204,0.0945479641131815,0.4720496894409938,0.7950310559006211,0.8640441683919945,0.11594202898550725,0.7474120082815735,0.0800552104899931,0.2636300897170462,0.08074534161490683,0.047619047619047616,0.44306418219461696,0.03036576949620428,0.051759834368530024,21.185645272601793,5.188242486414687,12.0,50.0,1109.7817140027605,1126.695938128034,0.0,3900.0,155094.74648723257,644890.515891629,0.0,9200000.0,46.391304347826086,190.7016072051615,0.0,1560.0,910.9730848861284,24612.99228409175,0,720000,5965138.757555782,100174339.78294837,0.0,2557890112.0
4,"Fils, Fille",0.6881720430107527,Musulman,0.5053763440860215,Inconnue,0.22939068100358423,Cote d'ivoire,0.7706093189964157,Aucun,0.7956989247311828,Aucun,0.8817204301075269,Aucun,0.5017921146953405,Aucun,0.4265232974910394,Aucun,0.8028673835125448,Inactif,0.6774193548387096,Non occupe,0.6774193548387096,Non connu,0.931899641577061,Non connu,0.931899641577061,Non connu,0.931899641577061,Non connu,1.0,Non connu,1.0,Pas de consultation,0.8637992831541219,Pas de consultation,0.8637992831541219,0-17,0.946236559139785,Proprietaire titre,0.4014336917562724,0.992831541218638,0.20430107526881722,0.11827956989247312,0.13620071684587814,0.010752688172043012,0.025089605734767026,0.025089605734767026,0.014336917562724014,0.5125448028673835,0.5089605734767025,0.4982078853046595,0.0,0.08243727598566308,0.025089605734767026,0.025089605734767026,0.5125448028673835,0.6129032258064516,0.7132616487455197,0.23297491039426524,0.6415770609318996,0.035842293906810034,0.17204301075268819,0.017921146953405017,0.017921146953405017,0.24014336917562723,0.0,0.007168458781362007,-0.946236559139785,0.8980265101338744,-1.0,14.0,35.053763440860216,295.9533685898346,0.0,3300.0,2365.5913978494623,30654.65036120451,0.0,480000.0,0.0,0.0,0.0,0.0,0.0,0.0,0,0,592843.3019383,1735837.2433909595,0.0,10118230.5
5,"Fils, Fille",0.7109004739336493,Chrétien,0.6208530805687204,Inconnue,0.3886255924170616,Cote d'ivoire,0.6113744075829384,Aucun,0.7156398104265402,Aucun,0.8104265402843602,Aucun,0.5450236966824644,Aucun,0.43601895734597157,Aucun,0.8909952606635071,Inactif,0.6066350710900474,Non occupe,0.6066350710900474,Non connu,0.9146919431279621,Non connu,0.9146919431279621,Non connu,0.9146919431279621,Non connu,1.0,Non connu,1.0,Pas de consultation,0.7819905213270142,Pas de consultation,0.7819905213270142,0-17,0.9146919431279621,Proprietaire sans titre,0.35545023696682465,0.985781990521327,0.2843601895734597,0.1895734597156398,0.21800947867298578,0.037914691943127965,0.061611374407582936,0.04739336492890995,0.0,0.46919431279620855,0.46445497630331756,0.4549763033175355,0.0,0.09004739336492891,0.04739336492890995,0.061611374407582936,0.46919431279620855,0.5450236966824644,0.46445497630331756,0.41706161137440756,0.44549763033175355,0.04739336492890995,0.11374407582938388,0.02843601895734597,0.014218009478672985,0.25118483412322273,0.0,0.014218009478672985,-0.9146919431279621,1.2391711034787256,-1.0,17.0,134.69742300947868,560.359872338889,0.0,3456.0,25238.338909952607,118095.23470253799,0.0,720000.0,0.0,0.0,0.0,0.0,0.0,0.0,0,0,2153594.1965177385,7938981.85708199,0.0,73846958.0
6,Conjoint ( e ),0.9444693237796686,Musulman,0.5615763546798029,Inconnue,0.28929690998656515,Cote d'ivoire,0.7102552619793999,Aucun,0.7581728616211375,Aucun,0.8262427227944469,Aucun,0.9964173757277206,Aucun,0.8504254366323332,Aucun,0.9511867442901926,TF cherchant pas,0.48410210479175997,Trav. fam.,0.49395432154052843,Agriculture,0.6506941334527542,Entreprise Privée,0.742498880429915,Travailleur Familial contribuant pour une entreprise familial,0.45588893864755936,Non connu,0.9399910434393193,Non connu,0.9399910434393193,Pas de consultation,0.8423645320197044,Pas de consultation,0.8423645320197044,25-34,0.6332288401253918,Proprietaire sans titre,0.528437080161218,0.999552171965965,0.24182713837886252,0.17375727720555306,0.15763546798029557,0.03358710255261979,0.00806090461262875,0.050156739811912224,0.009852216748768473,0.15987460815047022,0.15718763994626064,0.004030452306314375,0.0600089565606807,0.4536497984773847,0.0380653828929691,0.00806090461262875,0.15987460815047022,0.3367666815942678,0.41961486789072994,0.41513658755038063,0.2843708016121809,0.0022391401701746527,0.03493058665472459,0.0013434841021047917,0.0017913121361397223,0.14733542319749215,0.003134796238244514,0.004030452306314375,18.203761755485893,2.943790043693728,10.0,32.0,345.4070756829378,713.6901293924457,0.0,3600.0,19333.47776533811,103878.15190080868,0.0,2080000.0,32.35154500671742,163.07258789711764,0.0,1764.0,448.7236901030004,10439.155913812378,0,372000,22445126.60454226,210970521.6485667,0.0,4640695616.0
7,"Père, Mère",0.4149286498353458,Chrétien,0.47639956092206365,BAOULE,0.2996706915477497,Cote d'ivoire,0.9198682766190999,Aucun,0.5203073545554336,Aucun,0.6377607025246982,Aucun,1.0,Aucun,0.9308452250274424,Aucun,0.9857299670691547,Inactif,0.5697036223929748,Non occupe,0.5686059275521405,Non connu,0.5686059275521405,Non connu,0.5686059275521405,Non connu,0.5686059275521405,Non connu,0.9527991218441273,Non connu,0.9527991218441273,Pas de consultation,0.716794731064764,Pas de consultation,0.716794731064764,65+,0.5960482985729967,Proprietaire sans titre,0.535675082327113,0.986827661909989,0.4796926454445664,0.36223929747530187,0.283205268935236,0.07354555433589462,0.006586169045005488,0.6092206366630076,0.270032930845225,0.07683863885839737,0.07574094401756312,0.0,0.04720087815587267,0.3907793633369923,0.003293084522502744,0.006586169045005488,0.07683863885839737,0.47859495060373214,0.5686059275521405,0.21405049396267836,0.21185510428100987,0.006586169045005488,0.0570801317233809,0.006586169045005488,0.005488474204171241,0.10647639956092206,0.0021953896816684962,0.0,18.713501646542262,7.718268889334849,-1.0,40.0,531.2064086717893,835.985870493116,0.0,3600.0,3267.4812074643246,45441.447484807264,0.0,840000.0,26.605927552140503,146.29469553899582,0.0,1540.0,2414.928649835346,48105.734699268876,0,1300000,184288122.84149638,5348810000.247354,0.0,161412694030.5793
8,Chef de ménage,0.9181222707423581,Musulman,0.3875545851528384,Inconnue,0.2259825327510917,Cote d'ivoire,0.7718340611353712,Aucun,0.6790393013100436,Aucun,0.767467248908297,Aucun,1.0,Aucun,0.7106986899563319,Aucun,0.8842794759825328,Occupe,0.9290393013100436,Occupe,0.9323144104803494,Agriculture,0.8733624454148472,Entreprise Privée,0.9410480349344978,Travailleur pour compte propre,0.8668122270742358,Non connu,0.8755458515283843,Non connu,0.8755458515283843,Pas de consultation,0.8362445414847162,Pas de consultation,0.8362445414847162,45-54,0.509825327510917,Proprietaire sans titre,0.5589519650655022,0.9978165938864629,0.32096069868995636,0.23253275109170304,0.16375545851528384,0.05458515283842795,0.004366812227074236,0.33624454148471616,0.10807860262008734,0.3351528384279476,0.3296943231441048,0.0,0.12445414847161572,0.769650655021834,0.0425764192139738,0.004366812227074236,0.3351528384279476,0.33624454148471616,0.4104803493449782,0.3318777292576419,0.18668122270742357,0.0054585152838427945,0.03165938864628821,0.001091703056768559,0.0,0.10152838427947598,0.002183406113537118,0.0032751091703056767,22.828602620087338,11.435544749956394,-1.0,60.0,1747.2166806113537,876.2795591538083,0.0,3600.0,47994.523231441046,229539.46693136625,0.0,2880000.0,65.9650655021834,217.39311646015378,0.0,1560.0,8788.2096069869,84160.31353610747,0,1440000,14162618.128775105,155975132.64417997,0.0,3265927232.0
9,Chef de ménage,0.9735023041474654,Musulman,0.6866359447004609,Inconnue,0.195852534562212,Cote d'ivoire,0.804147465437788,Aucun,0.7211981566820277,Aucun,0.8145161290322581,Aucun,0.9976958525345622,Aucun,0.5288018433179723,Aucun,0.716589861751152,Occupe,0.9654377880184332,Occupe,0.967741935483871,Agriculture,0.2903225806451613,Entreprise Privée,0.9193548387096774,Travailleur pour compte propre,0.5576036866359447,Non connu,0.8179723502304147,Non connu,0.8179723502304147,Pas de consultation,0.8237327188940092,Pas de consultation,0.8237327188940092,35-44,0.5241935483870968,Locataire,0.3778801843317972,1.0,0.27880184331797236,0.18548387096774194,0.17626728110599077,0.03341013824884793,0.07258064516129033,0.10368663594470046,0.02534562211981567,0.6221198156682027,0.618663594470046,0.002304147465437788,0.18202764976958524,0.9919354838709677,0.597926267281106,0.07258064516129033,0.6221198156682027,0.6762672811059908,0.8052995391705069,0.1543778801843318,0.6578341013824884,0.04723502304147465,0.14861751152073732,0.03456221198156682,0.038018433179723504,0.3629032258064516,0.018433179723502304,0.1716589861751152,25.138248847926267,4.741703145253124,15.0,41.0,1996.7206887096775,974.860174291463,0.0,4500.0,638938.0948156682,1153844.537614329,0.0,8484000.0,103.6647465437788,272.8823792341225,0.0,1680.0,25304.146313364054,185626.96244168532,0,2600000,46051988.01318059,741904375.2956069,0.0,20931702900.84668
10,"Fils, Fille",0.40897435897435896,Chrétien,0.7525641025641026,BAOULE,0.38333333333333336,Cote d'ivoire,0.9346153846153846,Aucun,0.7371794871794872,Aucun,0.8256410256410256,Aucun,0.841025641025641,Aucun,0.367948717948718,Aucun,0.6064102564102564,Occupe,0.43333333333333335,Occupe,0.43846153846153846,Non connu,0.34615384615384615,Entreprise Privée,0.6256410256410256,Non connu,0.34615384615384615,Non connu,0.8846153846153846,Non connu,0.8846153846153846,Pas de consultation,0.8346153846153846,Pas de consultation,0.8346153846153846,25-34,0.33205128205128204,Proprietaire sans titre,0.4256410256410256,0.9871794871794872,0.26282051282051283,0.17435897435897435,0.16538461538461538,0.04230769230769231,0.03333333333333333,0.1141025641025641,0.017948717948717947,0.6384615384615384,0.6307692307692307,0.16025641025641027,0.11538461538461539,0.8987179487179487,0.3076923076923077,0.03333333333333333,0.6384615384615384,0.5307692307692308,0.6333333333333333,0.2358974358974359,0.37435897435897436,0.03461538461538462,0.13205128205128205,0.03205128205128205,0.020512820512820513,0.23846153846153847,0.011538461538461539,0.06538461538461539,4.137179487179488,9.711652926294843,-1.0,37.0,706.4187353589743,989.523267548909,0.0,3600.0,105173.82619230771,472219.7955257265,0.0,4043712.0,69.63974358974359,237.80138574084862,0.0,1680.0,4000.85641025641,72501.00856145828,0,1920000,13449038.233967345,195903217.96786824,0.0,4599663808.0
11,Chef de ménage,0.9622641509433962,Musulman,0.570230607966457,Inconnue,0.18029350104821804,Cote d'ivoire,0.8197064989517819,Aucun,0.5723270440251572,Aucun,0.7023060796645703,Aucun,1.0,Aucun,0.5555555555555556,Aucun,0.6561844863731656,Occupe,0.6750524109014675,Occupe,0.6771488469601677,Agriculture,0.31865828092243187,Entreprise Privée,0.6519916142557652,Travailleur pour compte propre,0.4947589098532495,Non connu,0.9035639412997903,Non connu,0.9035639412997903,Pas de consultation,0.7023060796645703,Pas de consultation,0.7023060796645703,55-64,0.5324947589098532,Proprietaire titre,0.49056603773584906,1.0,0.4276729559748428,0.2976939203354298,0.2976939203354298,0.07547169811320754,0.11320754716981132,0.4716981132075472,0.18867924528301888,0.570230607966457,0.5660377358490566,0.0,0.09643605870020965,0.9685534591194969,0.31027253668763105,0.11320754716981132,0.570230607966457,0.7987421383647799,0.8322851153039832,0.11530398322851153,0.639412997903564,0.09224318658280922,0.2578616352201258,0.06708595387840671,0.0440251572327044,0.36268343815513626,0.041928721174004195,0.06918238993710692,27.31236897274633,9.936823231335048,-1.0,70.0,1275.3612868763103,1154.6227040474766,0.0,3900.0,323979.74660377356,1123541.3379953352,0.0,12000000.0,45.872117400419285,178.10922906247697,0.0,1470.0,16150.943396226416,138480.2653482252,0,2040000,9364931.778421026,133436066.41075489,0.0,2542028160.0
12,"Fils, Fille",0.6616314199395771,Chrétien,0.5015105740181269,Inconnue,0.1661631419939577,Cote d'ivoire,0.8318227593152064,Aucun,0.7734138972809668,Aucun,0.8751258811681772,Aucun,0.4108761329305136,Primaire,0.3756294058408862,Aucun,0.7049345417925479,Inactif,0.6727089627391742,Non occupe,0.6908358509566969,Non connu,0.9214501510574018,Non connu,0.9214501510574018,Non connu,0.9214501510574018,Non connu,0.9969788519637462,Non connu,0.9969788519637462,Pas de consultation,0.8398791540785498,Pas de consultation,0.8398791540785498,0-17,0.8257804632426989,Locataire,0.6827794561933535,0.9949647532729103,0.22658610271903323,0.12487411883182276,0.16012084592145015,0.013091641490433032,0.13695871097683787,0.04833836858006042,0.015105740181268883,0.6545820745216515,0.6424974823766365,0.5891238670694864,0.0030211480362537764,0.18831822759315206,0.14400805639476336,0.13695871097683787,0.6545820745216515,0.9305135951661632,0.9254783484390735,0.07049345417925479,0.8680765357502518,0.15508559919436052,0.5125881168177241,0.19234642497482377,0.1500503524672709,0.5125881168177241,0.09365558912386707,0.016112789526686808,-1.0,0.0,-1.0,-1.0,101.3502932326284,493.417696860147,0.0,3900.0,21758.563192346424,133436.1941942061,0.0,1560000.0,1.4400805639476335,35.74721798324856,0.0,1080.0,0.0,0.0,0,0,0.0014098690595751684,0.03139925887075471,0.0,0.699999988079071
13,Chef de ménage,0.9626972740315638,Musulman,0.4218077474892396,BAOULE,0.20946915351506457,Cote d'ivoire,0.8177905308464849,Aucun,0.5652797704447633,Aucun,0.6599713055954088,Aucun,1.0,Aucun,0.6255380200860832,Aucun,0.7862266857962698,Occupe,0.836441893830703,Occupe,0.8393113342898135,Agriculture,0.7718794835007173,Entreprise Privée,0.836441893830703,Travailleur pour compte propre,0.7948350071736011,Non connu,0.8852223816355811,Non connu,0.8852223816355811,Pas de consultation,0.6901004304160688,Pas de consultation,0.6901004304160688,55-64,0.5236728837876614,Proprietaire sans titre,0.593974175035868,1.0,0.4347202295552367,0.3400286944045911,0.3098995695839311,0.08034433285509325,0.047345767575322814,0.5222381635581061,0.18794835007173602,0.4246771879483501,0.42037302725968434,0.0,0.11477761836441894,0.9612625538020086,0.09899569583931134,0.047345767575322814,0.4246771879483501,0.4921090387374462,0.5868005738880918,0.2582496413199426,0.3586800573888092,0.027259684361549498,0.07747489239598278,0.00860832137733142,0.0014347202295552368,0.20516499282639886,0.01291248206599713,0.007173601147776184,26.294117647058822,9.094072994212787,-1.0,66.0,1419.0762208034432,949.3410572519579,0.0,3600.0,47751.498163558106,326811.8175213277,0.0,4620000.0,65.94978479196557,223.86778747268082,0.0,1584.0,8378.766140602582,88628.34065278561,0,1300000,3395449.3030205937,54168862.89381141,0.0,1275681669.22
14,"Fils, Fille",0.37994143484626647,Musulman,0.4882869692532943,BAOULE,0.1903367496339678,Cote d'ivoire,0.8594436310395315,Aucun,0.7994143484626647,Aucun,0.8653001464128843,Aucun,0.5710102489019033,Second. gl 1,0.29502196193265007,Aucun,0.31551976573938506,Occupe,0.4546120058565154,Non occupe,0.4685212298682284,Non connu,0.4685212298682284,Entreprise Privée,0.5065885797950219,Non connu,0.4685212298682284,Non connu,0.9560761346998536,Non connu,0.9560761346998536,Pas de consultation,0.8923865300146413,Pas de consultation,0.8923865300146413,18-24,0.4816983894582723,Locataire,0.4172767203513909,0.9875549048316252,0.2005856515373353,0.13469985358711567,0.10761346998535871,0.021961932650073207,0.04172767203513909,0.06954612005856516,0.014641288433382138,0.849194729136164,0.8469985358711567,0.4289897510980966,0.043923865300146414,0.9209370424597365,0.6273792093704246,0.04172767203513909,0.849194729136164,0.7759882869692533,0.8572474377745242,0.1054172767203514,0.6171303074670571,0.07101024890190337,0.19546120058565153,0.048316251830161056,0.057833089311859445,0.37481698389458273,0.024158125915080528,0.1398243045387994,-1.0,0.0,-1.0,-1.0,917.6866438587116,1217.0157477491286,0.0,4500.0,359602.1733455344,853896.634150176,0.0,16200000.0,16.732796486090777,108.04112454955373,0.0,1560.0,8509.516105417277,91657.35172639099,0,1800000,562186.8648659277,17389090.75864642,0.0,642076352.0
15,Conjoint ( e ),0.912043301759134,Chrétien,0.4783491204330176,BAOULE,0.2050067658998647,Cote d'ivoire,0.8179972936400541,Aucun,0.6786197564276049,Aucun,0.7598105548037889,Aucun,0.9986468200270636,Aucun,0.6840324763193505,Aucun,0.8897158322056834,Occupe,0.4330175913396482,Occupe,0.4370771312584574,Agriculture,0.5392422192151556,Entreprise Privée,0.7956698240866035,Travailleur pour compte propre,0.38497970230040596,Non connu,0.8700947225981055,Non connu,0.8700947225981055,Pas de consultation,0.7861975642760487,Pas de consultation,0.7861975642760487,35-44,0.37889039242219213,Proprietaire sans titre,0.479702300405954,0.9986468200270636,0.32138024357239514,0.2401894451962111,0.21380243572395127,0.05074424898511502,0.039918809201623814,0.13870094722598106,0.036535859269282815,0.32408660351826796,0.3200270635994587,0.0013531799729364006,0.12990527740189445,0.8883626522327469,0.15087956698240865,0.039918809201623814,0.32408660351826796,0.5020297699594046,0.6001353179972937,0.2922868741542625,0.45331529093369416,0.02706359945872801,0.10757780784844384,0.023004059539918808,0.01962110960757781,0.2882273342354533,0.010148849797023005,0.01962110960757781,20.540595399188092,4.769505386911845,12.0,48.0,667.0814621718539,927.0391970974807,0.0,3600.0,53421.534519621106,328942.01909355866,0.0,4620000.0,77.75507442489851,246.17132341494022,0.0,1728.0,848.3552097428958,19049.14129110762,0,509869,227856377.44660237,5937223242.589107,0.0,161412694030.5793
16,"Fils, Fille",0.9212007504690432,Musulman,0.9718574108818011,MALINKE OU MANINKA,0.6078799249530957,Cote d'ivoire,0.9230769230769231,Aucun,0.7842401500938087,Aucun,0.849906191369606,Aucun,0.7598499061913696,Aucun,0.7223264540337712,Aucun,0.9643527204502814,Inactif,0.5272045028142589,Non occupe,0.525328330206379,Non connu,0.8649155722326454,Non connu,0.8649155722326454,Non connu,0.8649155722326454,Non connu,0.99812382739212,Non connu,0.99812382739212,Pas de consultation,0.8348968105065666,Pas de consultation,0.8348968105065666,0-17,0.9324577861163227,Proprietaire sans titre,0.7073170731707317,0.9887429643527205,0.21575984990619138,0.150093808630394,0.1651031894934334,0.013133208255159476,0.01125703564727955,0.0225140712945591,0.009380863039399626,0.23452157598499063,0.22326454033771106,0.2401500938086304,0.001876172607879925,0.0450281425891182,0.013133208255159476,0.01125703564727955,0.23452157598499063,0.7279549718574109,0.7861163227016885,0.1575984990619137,0.47654784240150094,0.00375234521575985,0.07317073170731707,0.0,0.0,0.21200750469043153,0.0,0.0075046904315197,-1.0,0.0,-1.0,-1.0,26.452157598499063,233.37228652215032,0.0,2750.0,3264.5403377110692,47925.3747090278,0.0,900000.0,1.801125703564728,41.58221585512414,0.0,960.0,0.0,0.0,0,0,169350.64833472169,1317714.934112808,0.0,11767842.22700024
17,"Fils, Fille",0.4094488188976378,Chrétien,0.6692913385826772,BAOULE,0.19291338582677164,Cote d'ivoire,0.9114173228346457,Aucun,0.7736220472440944,Aucun,0.8661417322834646,Aucun,0.702755905511811,Second. gl 2,0.19488188976377951,Aucun,0.3051181102362205,Inactif,0.4507874015748031,Non occupe,0.5019685039370079,Non connu,0.5019685039370079,Non connu,0.5019685039370079,Non connu,0.5019685039370079,Non connu,0.9822834645669292,Non connu,0.9822834645669292,Pas de consultation,0.860236220472441,Pas de consultation,0.860236220472441,18-24,0.3720472440944882,Locataire,0.5866141732283464,0.9881889763779528,0.2263779527559055,0.13385826771653545,0.13976377952755906,0.021653543307086614,0.1062992125984252,0.14566929133858267,0.015748031496062992,0.8759842519685039,0.8720472440944882,0.297244094488189,0.017716535433070866,0.9251968503937008,0.7381889763779528,0.1062992125984252,0.8759842519685039,0.9547244094488189,0.9212598425196851,0.07677165354330709,0.8523622047244095,0.2283464566929134,0.5610236220472441,0.2736220472440945,0.2047244094488189,0.5059055118110236,0.12401574803149606,0.1437007874015748,0.7716535433070866,6.222614450031028,-1.0,30.0,869.9486676437008,1152.0133872486479,0.0,4200.0,486313.7364173228,1475787.9132314106,0.0,15000012.0,6.433070866141732,53.3793820757403,0.0,624.0,2988.9763779527557,44159.90529022954,0,842400,0.0015748031290732031,0.031364125448224034,0.0,0.699999988079071
18,"Fils, Fille",0.7442622950819672,Chrétien,0.5049180327868853,Inconnue,0.3983606557377049,Cote d'ivoire,0.601639344262295,Aucun,0.740983606557377,Aucun,0.8622950819672132,Aucun,0.5606557377049181,Primaire,0.4540983606557377,Aucun,0.9131147540983606,Inactif,0.5950819672131148,Non occupe,0.5934426229508196,Non connu,0.8721311475409836,Non connu,0.8721311475409836,Non connu,0.8721311475409836,Non connu,0.9934426229508196,Non connu,0.9934426229508196,Pas de consultation,0.8032786885245902,Pas de consultation,0.8032786885245902,0-17,0.8885245901639345,Proprietaire sans titre,0.4639344262295082,0.9868852459016394,0.25901639344262295,0.1377049180327869,0.19672131147540983,0.009836065573770493,0.004918032786885246,0.027868852459016394,0.011475409836065573,0.44754098360655736,0.4245901639344262,0.43934426229508194,0.006557377049180328,0.10819672131147541,0.036065573770491806,0.004918032786885246,0.44754098360655736,0.3262295081967213,0.42950819672131146,0.4540983606557377,0.33114754098360655,0.003278688524590164,0.018032786885245903,0.022950819672131147,0.011475409836065573,0.23934426229508196,0.004918032786885246,0.003278688524590164,-0.9655737704918033,0.850265146687862,-1.0,20.0,121.56393442622951,507.01569951136344,0.0,3600.0,31683.50478688525,188469.3798367885,0.0,3120000.0,2.3475409836065575,37.858571863788534,0.0,840.0,0.0,0.0,0,0,1241563.3907645715,4489360.582481463,0.0,51457941.0
19,"Fils, Fille",0.7836676217765043,Chrétien,0.4670487106017192,Inconnue,0.33810888252148996,Cote d'ivoire,0.660458452722063,Aucun,0.7736389684813754,Aucun,0.8724928366762178,Aucun,0.5358166189111748,Primaire,0.4684813753581662,Aucun,0.8796561604584527,Inactif,0.5816618911174785,Non occupe,0.5816618911174785,Non connu,0.8223495702005731,Non connu,0.8223495702005731,Non connu,0.8223495702005731,Non connu,0.9885386819484241,Non connu,0.9885386819484241,Pas de consultation,0.8739255014326648,Pas de consultation,0.8739255014326648,0-17,0.9126074498567335,Proprietaire sans titre,0.6260744985673352,0.9899713467048711,0.22636103151862463,0.12750716332378223,0.12607449856733524,0.0071633237822349575,0.0014326647564469914,0.02005730659025788,0.004297994269340974,0.5085959885386819,0.498567335243553,0.46418338108882523,0.011461318051575931,0.10744985673352435,0.03008595988538682,0.0014326647564469914,0.5085959885386819,0.2020057306590258,0.29656160458452724,0.501432664756447,0.2679083094555874,0.012893982808022923,0.027220630372492838,0.0028653295128939827,0.01002865329512894,0.14326647564469913,0.0071633237822349575,0.0028653295128939827,-0.9183381088825215,1.2518825263152313,-1.0,20.0,38.36527063037249,279.1576958637511,0.0,3600.0,7382.900616045845,126262.95770831982,0.0,3081324.0,6.126074498567335,75.18292284351743,0.0,1536.0,387.3925501432665,10234.790938692367,0,270400,3842559.453217783,9556925.723306244,0.0,52402182.25999999
