Cluster_Assigné,ethnie_top,ethnie_prop_top,educ_scol_top,educ_scol_prop_top,educ_hi_top,educ_hi_prop_top,diplome_top,diplome_prop_top,branch_top,branch_prop_top,sectins_top,sectins_prop_top,csp_top,csp_prop_top,age_grp_top,age_grp_prop_top,logem_top,logem_prop_top,resid,couvmal,telpor,internet,a_assurance,alphabete,elec_ac,elec_ur,elec_ua,tv,fer,frigo,cuisin,ordin,decod,car,volhor_mean,salaire_mean
0,BAOULE,0.8611111111111112,Primaire,0.46296296296296297,Primaire,0.5462962962962963,Aucun,0.8888888888888888,Non connu,0.8888888888888888,Non connu,0.8888888888888888,Non connu,0.8888888888888888,0-17,0.9228395061728395,Proprietaire sans titre,0.48148148148148145,0.9814814814814815,0.030864197530864196,0.08024691358024691,0.012345679012345678,0.030864197530864196,0.5277777777777778,0.654320987654321,0.6790123456790124,0.10493827160493827,0.28703703703703703,0.012345679012345678,0.06790123456790123,0.009259259259259259,0.006172839506172839,0.1697530864197531,0.0,17.925925925925927,925.925925925926
1,Inconnue,0.17566137566137566,Aucun,0.41164021164021164,Primaire,0.3798941798941799,Aucun,0.7026455026455026,Non connu,0.9238095238095239,Non connu,0.9238095238095239,Non connu,0.9238095238095239,0-17,0.8158730158730159,Locataire,0.7238095238095238,0.9968253968253968,0.14179894179894179,0.18518518518518517,0.17671957671957672,0.14179894179894179,0.6888888888888889,0.9354497354497354,0.9386243386243386,0.05925925925925926,0.8476190476190476,0.13333333333333333,0.4708994708994709,0.21164021164021163,0.12698412698412698,0.4888888888888889,0.0962962962962963,152.04496634920633,40639.18692063492
2,BAOULE,0.3850415512465374,Aucun,0.9944598337950139,Aucun,0.3878116343490305,Aucun,0.6592797783933518,Agriculture,0.778393351800554,Entreprise Privée,0.961218836565097,Travailleur pour compte propre,0.7146814404432132,35-44,0.3988919667590028,Proprietaire sans titre,0.45429362880886426,1.0,0.055401662049861494,0.9806094182825484,0.27146814404432135,0.055401662049861494,0.6426592797783933,0.4404432132963989,0.5318559556786704,0.31301939058171746,0.3656509695290859,0.019390581717451522,0.060941828254847646,0.0221606648199446,0.013850415512465374,0.20221606648199447,0.00554016620498615,1881.154614570637,334126.91540166206
3,SENOUFO,0.16563146997929606,Aucun,0.9910282953761215,Aucun,0.5824706694271912,Aucun,0.7694962042788129,Commerce,0.35196687370600416,Entreprise Privée,0.6701173222912353,Travailleur pour compte propre,0.48999309868875085,35-44,0.3498964803312629,Locataire,0.3940648723257419,0.9986197377501725,0.0945479641131815,0.9475500345065563,0.4030365769496204,0.0945479641131815,0.4720496894409938,0.7950310559006211,0.8640441683919945,0.11594202898550725,0.7474120082815735,0.0800552104899931,0.2636300897170462,0.08074534161490683,0.047619047619047616,0.44306418219461696,0.03036576949620428,1109.7817140027605,155094.74648723257
4,Inconnue,0.22939068100358423,Aucun,0.5017921146953405,Aucun,0.4265232974910394,Aucun,0.8028673835125448,Non connu,0.931899641577061,Non connu,0.931899641577061,Non connu,0.931899641577061,0-17,0.946236559139785,Proprietaire titre,0.4014336917562724,0.992831541218638,0.025089605734767026,0.08243727598566308,0.025089605734767026,0.025089605734767026,0.5125448028673835,0.6129032258064516,0.7132616487455197,0.23297491039426524,0.6415770609318996,0.035842293906810034,0.17204301075268819,0.017921146953405017,0.017921146953405017,0.24014336917562723,0.0,35.053763440860216,2365.5913978494623
5,Inconnue,0.3886255924170616,Aucun,0.5450236966824644,Aucun,0.43601895734597157,Aucun,0.8909952606635071,Non connu,0.9146919431279621,Non connu,0.9146919431279621,Non connu,0.9146919431279621,0-17,0.9146919431279621,Proprietaire sans titre,0.35545023696682465,0.985781990521327,0.061611374407582936,0.09004739336492891,0.04739336492890995,0.061611374407582936,0.46919431279620855,0.5450236966824644,0.46445497630331756,0.41706161137440756,0.44549763033175355,0.04739336492890995,0.11374407582938388,0.02843601895734597,0.014218009478672985,0.25118483412322273,0.0,134.69742300947868,25238.338909952607
6,Inconnue,0.28929690998656515,Aucun,0.9964173757277206,Aucun,0.8504254366323332,Aucun,0.9511867442901926,Agriculture,0.6506941334527542,Entreprise Privée,0.742498880429915,Travailleur Familial contribuant pour une entreprise familial,0.45588893864755936,25-34,0.6332288401253918,Proprietaire sans titre,0.528437080161218,0.999552171965965,0.00806090461262875,0.4536497984773847,0.0380653828929691,0.00806090461262875,0.15987460815047022,0.3367666815942678,0.41961486789072994,0.41513658755038063,0.2843708016121809,0.0022391401701746527,0.03493058665472459,0.0013434841021047917,0.0017913121361397223,0.14733542319749215,0.003134796238244514,345.4070756829378,19333.47776533811
7,BAOULE,0.2996706915477497,Aucun,1.0,Aucun,0.9308452250274424,Aucun,0.9857299670691547,Non connu,0.5686059275521405,Non connu,0.5686059275521405,Non connu,0.5686059275521405,65+,0.5960482985729967,Proprietaire sans titre,0.535675082327113,0.986827661909989,0.006586169045005488,0.3907793633369923,0.003293084522502744,0.006586169045005488,0.07683863885839737,0.47859495060373214,0.5686059275521405,0.21405049396267836,0.21185510428100987,0.006586169045005488,0.0570801317233809,0.006586169045005488,0.005488474204171241,0.10647639956092206,0.0021953896816684962,531.2064086717893,3267.4812074643246
8,Inconnue,0.2259825327510917,Aucun,1.0,Aucun,0.7106986899563319,Aucun,0.8842794759825328,Agriculture,0.8733624454148472,Entreprise Privée,0.9410480349344978,Travailleur pour compte propre,0.8668122270742358,45-54,0.509825327510917,Proprietaire sans titre,0.5589519650655022,0.9978165938864629,0.004366812227074236,0.769650655021834,0.0425764192139738,0.004366812227074236,0.3351528384279476,0.33624454148471616,0.4104803493449782,0.3318777292576419,0.18668122270742357,0.0054585152838427945,0.03165938864628821,0.001091703056768559,0.0,0.10152838427947598,0.002183406113537118,1747.2166806113537,47994.523231441046
9,Inconnue,0.195852534562212,Aucun,0.9976958525345622,Aucun,0.5288018433179723,Aucun,0.716589861751152,Agriculture,0.2903225806451613,Entreprise Privée,0.9193548387096774,Travailleur pour compte propre,0.5576036866359447,35-44,0.5241935483870968,Locataire,0.3778801843317972,1.0,0.07258064516129033,0.9919354838709677,0.597926267281106,0.07258064516129033,0.6221198156682027,0.6762672811059908,0.8052995391705069,0.1543778801843318,0.6578341013824884,0.04723502304147465,0.14861751152073732,0.03456221198156682,0.038018433179723504,0.3629032258064516,0.018433179723502304,1996.7206887096775,638938.0948156682
10,BAOULE,0.38333333333333336,Aucun,0.841025641025641,Aucun,0.367948717948718,Aucun,0.6064102564102564,Non connu,0.34615384615384615,Entreprise Privée,0.6256410256410256,Non connu,0.34615384615384615,25-34,0.33205128205128204,Proprietaire sans titre,0.4256410256410256,0.9871794871794872,0.03333333333333333,0.8987179487179487,0.3076923076923077,0.03333333333333333,0.6384615384615384,0.5307692307692308,0.6333333333333333,0.2358974358974359,0.37435897435897436,0.03461538461538462,0.13205128205128205,0.03205128205128205,0.020512820512820513,0.23846153846153847,0.011538461538461539,706.4187353589743,105173.82619230771
11,Inconnue,0.18029350104821804,Aucun,1.0,Aucun,0.5555555555555556,Aucun,0.6561844863731656,Agriculture,0.31865828092243187,Entreprise Privée,0.6519916142557652,Travailleur pour compte propre,0.4947589098532495,55-64,0.5324947589098532,Proprietaire titre,0.49056603773584906,1.0,0.11320754716981132,0.9685534591194969,0.31027253668763105,0.11320754716981132,0.570230607966457,0.7987421383647799,0.8322851153039832,0.11530398322851153,0.639412997903564,0.09224318658280922,0.2578616352201258,0.06708595387840671,0.0440251572327044,0.36268343815513626,0.041928721174004195,1275.3612868763103,323979.74660377356
12,Inconnue,0.1661631419939577,Aucun,0.4108761329305136,Primaire,0.3756294058408862,Aucun,0.7049345417925479,Non connu,0.9214501510574018,Non connu,0.9214501510574018,Non connu,0.9214501510574018,0-17,0.8257804632426989,Locataire,0.6827794561933535,0.9949647532729103,0.13695871097683787,0.18831822759315206,0.14400805639476336,0.13695871097683787,0.6545820745216515,0.9305135951661632,0.9254783484390735,0.07049345417925479,0.8680765357502518,0.15508559919436052,0.5125881168177241,0.19234642497482377,0.1500503524672709,0.5125881168177241,0.09365558912386707,101.3502932326284,21758.563192346424
13,BAOULE,0.20946915351506457,Aucun,1.0,Aucun,0.6255380200860832,Aucun,0.7862266857962698,Agriculture,0.7718794835007173,Entreprise Privée,0.836441893830703,Travailleur pour compte propre,0.7948350071736011,55-64,0.5236728837876614,Proprietaire sans titre,0.593974175035868,1.0,0.047345767575322814,0.9612625538020086,0.09899569583931134,0.047345767575322814,0.4246771879483501,0.4921090387374462,0.5868005738880918,0.2582496413199426,0.3586800573888092,0.027259684361549498,0.07747489239598278,0.00860832137733142,0.0014347202295552368,0.20516499282639886,0.01291248206599713,1419.0762208034432,47751.498163558106
14,BAOULE,0.1903367496339678,Aucun,0.5710102489019033,Second. gl 1,0.29502196193265007,Aucun,0.31551976573938506,Non connu,0.4685212298682284,Entreprise Privée,0.5065885797950219,Non connu,0.4685212298682284,18-24,0.4816983894582723,Locataire,0.4172767203513909,0.9875549048316252,0.04172767203513909,0.9209370424597365,0.6273792093704246,0.04172767203513909,0.849194729136164,0.7759882869692533,0.8572474377745242,0.1054172767203514,0.6171303074670571,0.07101024890190337,0.19546120058565153,0.048316251830161056,0.057833089311859445,0.37481698389458273,0.024158125915080528,917.6866438587116,359602.1733455344
15,BAOULE,0.2050067658998647,Aucun,0.9986468200270636,Aucun,0.6840324763193505,Aucun,0.8897158322056834,Agriculture,0.5392422192151556,Entreprise Privée,0.7956698240866035,Travailleur pour compte propre,0.38497970230040596,35-44,0.37889039242219213,Proprietaire sans titre,0.479702300405954,0.9986468200270636,0.039918809201623814,0.8883626522327469,0.15087956698240865,0.039918809201623814,0.32408660351826796,0.5020297699594046,0.6001353179972937,0.2922868741542625,0.45331529093369416,0.02706359945872801,0.10757780784844384,0.023004059539918808,0.01962110960757781,0.2882273342354533,0.010148849797023005,667.0814621718539,53421.534519621106
16,MALINKE OU MANINKA,0.6078799249530957,Aucun,0.7598499061913696,Aucun,0.7223264540337712,Aucun,0.9643527204502814,Non connu,0.8649155722326454,Non connu,0.8649155722326454,Non connu,0.8649155722326454,0-17,0.9324577861163227,Proprietaire sans titre,0.7073170731707317,0.9887429643527205,0.01125703564727955,0.0450281425891182,0.013133208255159476,0.01125703564727955,0.23452157598499063,0.7279549718574109,0.7861163227016885,0.1575984990619137,0.47654784240150094,0.00375234521575985,0.07317073170731707,0.0,0.0,0.21200750469043153,0.0,26.452157598499063,3264.5403377110692
17,BAOULE,0.19291338582677164,Aucun,0.702755905511811,Second. gl 2,0.19488188976377951,Aucun,0.3051181102362205,Non connu,0.5019685039370079,Non connu,0.5019685039370079,Non connu,0.5019685039370079,18-24,0.3720472440944882,Locataire,0.5866141732283464,0.9881889763779528,0.1062992125984252,0.9251968503937008,0.7381889763779528,0.1062992125984252,0.8759842519685039,0.9547244094488189,0.9212598425196851,0.07677165354330709,0.8523622047244095,0.2283464566929134,0.5610236220472441,0.2736220472440945,0.2047244094488189,0.5059055118110236,0.12401574803149606,869.9486676437008,486313.7364173228
18,Inconnue,0.3983606557377049,Aucun,0.5606557377049181,Primaire,0.4540983606557377,Aucun,0.9131147540983606,Non connu,0.8721311475409836,Non connu,0.8721311475409836,Non connu,0.8721311475409836,0-17,0.8885245901639345,Proprietaire sans titre,0.4639344262295082,0.9868852459016394,0.004918032786885246,0.10819672131147541,0.036065573770491806,0.004918032786885246,0.44754098360655736,0.3262295081967213,0.42950819672131146,0.4540983606557377,0.33114754098360655,0.003278688524590164,0.018032786885245903,0.022950819672131147,0.011475409836065573,0.23934426229508196,0.004918032786885246,121.56393442622951,31683.50478688525
19,Inconnue,0.33810888252148996,Aucun,0.5358166189111748,Primaire,0.4684813753581662,Aucun,0.8796561604584527,Non connu,0.8223495702005731,Non connu,0.8223495702005731,Non connu,0.8223495702005731,0-17,0.9126074498567335,Proprietaire sans titre,0.6260744985673352,0.9899713467048711,0.0014326647564469914,0.10744985673352435,0.03008595988538682,0.0014326647564469914,0.5085959885386819,0.2020057306590258,0.29656160458452724,0.501432664756447,0.2679083094555874,0.012893982808022923,0.027220630372492838,0.0028653295128939827,0.01002865329512894,0.14326647564469913,0.0071633237822349575,38.36527063037249,7382.900616045845
20,Inconnue,0.38271604938271603,Aucun,0.5925925925925926,Aucun,0.4609053497942387,Aucun,0.8827160493827161,Non connu,0.8497942386831275,Non connu,0.8497942386831275,Non connu,0.8497942386831275,0-17,0.8806584362139918,Proprietaire sans titre,0.5925925925925926,1.0,0.018518518518518517,0.13786008230452676,0.0205761316872428,0.018518518518518517,0.4609053497942387,0.14609053497942387,0.17078189300411523,0.668724279835391,0.3065843621399177,0.00823045267489712,0.01440329218106996,0.00823045267489712,0.00823045267489712,0.1728395061728395,0.0,95.67361187242798,22002.240576131688
21,BAOULE,0.2660228270412643,Aucun,0.8419666374012291,Aucun,0.33274802458296754,Aucun,0.5671641791044776,Agriculture,0.5671641791044776,Entreprise Privée,0.7989464442493416,Travailleur Familial contribuant pour une entreprise familial,0.2897278314310799,18-24,0.398595258999122,Proprietaire sans titre,0.4811237928007024,0.9850746268656716,0.02370500438981563,0.9218612818261633,0.3301141352063213,0.02370500438981563,0.6874451273046532,0.48024582967515367,0.5794556628621598,0.2712906057945566,0.3784021071115013,0.021071115013169446,0.07989464442493416,0.010535557506584723,0.015803336259877086,0.228270412642669,0.007901668129938543,954.0146026075505,229489.827190518
22,Inconnue,0.1877076411960133,Aucun,0.9983388704318937,Aucun,0.4169435215946844,Aucun,0.659468438538206,Commerce,0.34551495016611294,Entreprise Privée,0.6046511627906976,Travailleur pour compte propre,0.446843853820598,35-44,0.3687707641196013,Locataire,0.7242524916943521,0.9983388704318937,0.20764119601328904,0.9136212624584718,0.584717607973422,0.20764119601328904,0.6428571428571429,0.9385382059800664,0.9302325581395349,0.0681063122923588,0.8986710963455149,0.18106312292358803,0.5382059800664452,0.23421926910299004,0.1511627906976744,0.5249169435215947,0.12624584717607973,1221.6461239534883,492190.0247009967
23,BAOULE,0.19056261343012704,Aucun,1.0,Aucun,0.6279491833030852,Aucun,0.7912885662431942,Non connu,0.3992740471869328,Entreprise Privée,0.5862068965517241,Travailleur pour compte propre,0.5117967332123412,55-64,0.4500907441016334,Proprietaire titre,0.397459165154265,0.9963702359346642,0.06170598911070781,0.9437386569872959,0.24682395644283123,0.06170598911070781,0.4047186932849365,0.8457350272232305,0.9001814882032668,0.07259528130671507,0.5952813067150635,0.05807622504537205,0.29038112522686027,0.08166969147005444,0.029038112522686024,0.35390199637023595,0.029038112522686024,1075.8824305807623,64793.42504537206
24,Inconnue,0.23715620134924753,Aucun,1.0,Aucun,0.8842760768033212,Aucun,0.9771665801764401,Agriculture,0.6844836533471718,Entreprise Privée,0.8168137000518941,Travailleur Familial contribuant pour une entreprise familial,0.44525168655941877,35-44,0.6901920083030617,Proprietaire sans titre,0.5879605604566684,1.0,0.010378827192527244,0.5324338349766476,0.023871302542812663,0.010378827192527244,0.12350804359107422,0.3720809548521017,0.4353918007265179,0.3829787234042553,0.30150492994291644,0.007265179034769071,0.0508562532433835,0.00467047223663726,0.0010378827192527244,0.16554229372080956,0.002594706798131811,489.0235869247535,20240.181852620655
25,Inconnue,0.3247863247863248,Aucun,0.5863247863247864,Aucun,0.4735042735042735,Aucun,0.9230769230769231,Non connu,0.8923076923076924,Non connu,0.8923076923076924,Non connu,0.8923076923076924,0-17,0.9487179487179487,Proprietaire sans titre,0.6307692307692307,0.9948717948717949,0.006837606837606838,0.06495726495726496,0.006837606837606838,0.006837606837606838,0.4393162393162393,0.18461538461538463,0.2717948717948718,0.5282051282051282,0.24615384615384617,0.013675213675213675,0.041025641025641026,0.008547008547008548,0.010256410256410256,0.15213675213675212,0.005128205128205128,18.39316239316239,2652.059829059829
26,SENOUFO,0.3393782383419689,Aucun,0.6528497409326425,Aucun,0.5984455958549223,Aucun,0.9533678756476683,Non connu,0.8316062176165803,Non connu,0.8316062176165803,Non connu,0.8316062176165803,0-17,0.9740932642487047,Proprietaire sans titre,0.5621761658031088,0.9896373056994818,0.0051813471502590676,0.03626943005181347,0.0051813471502590676,0.0051813471502590676,0.26424870466321243,0.3160621761658031,0.48186528497409326,0.31865284974093266,0.2823834196891192,0.02849740932642487,0.09326424870466321,0.010362694300518135,0.015544041450777202,0.17357512953367876,0.010362694300518135,9.637305699481866,0.0
27,SENOUFO,0.6642066420664207,Aucun,0.7453874538745388,Aucun,0.7195571955719557,Aucun,0.9520295202952029,Non connu,0.933579335793358,Non connu,0.933579335793358,Non connu,0.933579335793358,0-17,0.985239852398524,Proprietaire titre,0.3763837638376384,1.0,0.01107011070110701,0.014760147601476014,0.007380073800738007,0.01107011070110701,0.23985239852398524,0.6494464944649446,0.7527675276752768,0.17712177121771217,0.30996309963099633,0.0,0.05166051660516605,0.0,0.01107011070110701,0.19557195571955718,0.01107011070110701,10.40590405904059,0.0
28,Inconnue,0.35119047619047616,Aucun,0.5625,Aucun,0.4880952380952381,Aucun,0.9166666666666666,Non connu,0.9613095238095238,Non connu,0.9613095238095238,Non connu,0.9613095238095238,0-17,0.9255952380952381,Proprietaire sans titre,0.5863095238095238,0.9910714285714286,0.008928571428571428,0.041666666666666664,0.002976190476190476,0.008928571428571428,0.4583333333333333,0.38392857142857145,0.49107142857142855,0.3869047619047619,0.44345238095238093,0.017857142857142856,0.047619047619047616,0.008928571428571428,0.002976190476190476,0.25892857142857145,0.0,43.11309523809524,6796.693273809524
29,BAOULE,0.3466135458167331,Aucun,0.9960159362549801,Aucun,0.450199203187251,Aucun,0.649402390438247,Commerce,0.28286852589641437,Entreprise Privée,0.7848605577689243,Travailleur pour compte propre,0.4581673306772908,35-44,0.36254980079681276,Locataire,0.7290836653386454,1.0,0.07171314741035857,0.9800796812749004,0.601593625498008,0.07171314741035857,0.6135458167330677,0.8685258964143426,0.9601593625498008,0.03187250996015936,0.8087649402390438,0.11553784860557768,0.33067729083665337,0.09163346613545817,0.11553784860557768,0.5179282868525896,0.01593625498007968,1547.7443315139442,609693.2175697212
30,Inconnue,0.18636363636363637,Aucun,0.5,Primaire,0.35909090909090907,Aucun,0.7272727272727273,Non connu,0.8590909090909091,Non connu,0.8590909090909091,Non connu,0.8590909090909091,0-17,0.7818181818181819,Locataire,0.4,0.9954545454545455,0.03636363636363636,0.20454545454545456,0.1590909090909091,0.03636363636363636,0.65,0.9409090909090909,0.9772727272727273,0.022727272727272728,0.7227272727272728,0.08636363636363636,0.2681818181818182,0.07272727272727272,0.06363636363636363,0.33636363636363636,0.0,234.4988168181818,72746.41704545454
31,Inconnue,0.23985572587917042,Aucun,0.9990982867448152,Aucun,0.7141568981064021,Aucun,0.8917944093778178,Agriculture,0.842200180342651,Entreprise Privée,0.9792605951307484,Travailleur pour compte propre,0.8034265103697025,35-44,0.5347159603246168,Proprietaire sans titre,0.5365193868349865,1.0,0.005410279531109108,0.8764652840396754,0.13525698827772767,0.005410279531109108,0.30928764652840396,0.2993688007213706,0.37240757439134353,0.3678990081154193,0.2073940486925158,0.004508566275924256,0.0369702434625789,0.0036068530207394047,0.0018034265103697023,0.09918845807033363,0.004508566275924256,1826.1247786564472,107921.6454553652
32,Inconnue,0.36796536796536794,Aucun,0.6212121212121212,Aucun,0.4805194805194805,Aucun,0.8961038961038961,Non connu,0.8701298701298701,Non connu,0.8701298701298701,Non connu,0.8701298701298701,0-17,0.8614718614718615,Proprietaire sans titre,0.564935064935065,0.9956709956709957,0.006493506493506494,0.11471861471861472,0.02813852813852814,0.006493506493506494,0.4675324675324675,0.4523809523809524,0.5692640692640693,0.329004329004329,0.44805194805194803,0.012987012987012988,0.049783549783549784,0.004329004329004329,0.0021645021645021645,0.2683982683982684,0.0021645021645021645,130.57486807359308,20591.230800865804
33,SENOUFO,0.14321608040201006,Aucun,1.0,Aucun,0.8894472361809045,Aucun,0.9698492462311558,Non connu,0.6708542713567839,Non connu,0.6708542713567839,Non connu,0.6708542713567839,65+,0.5778894472361809,Proprietaire titre,0.3542713567839196,1.0,0.01256281407035176,0.5577889447236181,0.04271356783919598,0.01256281407035176,0.13316582914572864,0.7512562814070352,0.8618090452261307,0.08040201005025126,0.5251256281407035,0.02763819095477387,0.17336683417085427,0.022613065326633167,0.020100502512562814,0.24623115577889448,0.017587939698492462,572.6532663316583,25208.933266331656
34,Inconnue,0.23275862068965517,Aucun,1.0,Aucun,0.8189655172413793,Aucun,0.9413793103448276,Non connu,0.33275862068965517,Entreprise Privée,0.656896551724138,Travailleur pour compte propre,0.41379310344827586,45-54,0.44310344827586207,Proprietaire titre,0.46206896551724136,0.9982758620689656,0.008620689655172414,0.6741379310344827,0.0896551724137931,0.008620689655172414,0.20862068965517241,0.6862068965517242,0.7706896551724138,0.13620689655172413,0.49137931034482757,0.032758620689655175,0.15172413793103448,0.01206896551724138,0.013793103448275862,0.2655172413793103,0.017241379310344827,813.7328435000001,42101.970137931035
35,SENOUFO,0.34394904458598724,Aucun,0.7006369426751592,Aucun,0.6263269639065817,Aucun,0.921443736730361,Non connu,0.6709129511677282,Non connu,0.6709129511677282,Non connu,0.6709129511677282,0-17,0.9235668789808917,Proprietaire sans titre,0.5435244161358811,0.9893842887473461,0.004246284501061571,0.1040339702760085,0.03184713375796178,0.004246284501061571,0.24416135881104034,0.31422505307855625,0.47558386411889597,0.37791932059447986,0.29723991507430997,0.006369426751592357,0.09766454352441614,0.004246284501061571,0.01910828025477707,0.19532908704883228,0.004246284501061571,44.50106157112526,9881.872611464969
36,BAOULE,0.43824027072758037,Aucun,0.4653130287648054,Aucun,0.3824027072758037,Aucun,0.7648054145516074,Non connu,0.9272419627749577,Non connu,0.9272419627749577,Non connu,0.9272419627749577,0-17,0.9018612521150592,Locataire,0.5752961082910322,0.9932318104906938,0.0338409475465313,0.11844331641285956,0.05414551607445008,0.0338409475465313,0.5956006768189509,0.8358714043993232,0.8984771573604061,0.04230118443316413,0.6209813874788495,0.05245346869712352,0.26057529610829105,0.06598984771573604,0.06937394247038917,0.3993231810490694,0.01015228426395939,84.17428087986464,14967.851099830796
37,Inconnue,0.47244094488188976,Aucun,0.6456692913385826,Aucun,0.5091863517060368,Aucun,0.9028871391076115,Non connu,0.7821522309711286,Non connu,0.7821522309711286,Non connu,0.7821522309711286,0-17,0.868766404199475,Proprietaire titre,0.4199475065616798,1.0,0.0,0.15485564304461943,0.049868766404199474,0.0,0.3674540682414698,0.04461942257217848,0.11286089238845144,0.7847769028871391,0.4330708661417323,0.0,0.010498687664041995,0.010498687664041995,0.005249343832020997,0.2677165354330709,0.02099737532808399,103.3753280839895,13263.71653543307
38,KOULANGO,0.3720316622691293,Aucun,0.6226912928759895,Aucun,0.48548812664907653,Aucun,0.9366754617414248,Non connu,0.8865435356200527,Non connu,0.8865435356200527,Non connu,0.8865435356200527,0-17,0.9050131926121372,Proprietaire sans titre,0.5171503957783641,1.0,0.0079155672823219,0.08443271767810026,0.013192612137203167,0.0079155672823219,0.37730870712401055,0.5277044854881267,0.7018469656992085,0.14511873350923482,0.2796833773087071,0.002638522427440633,0.036939313984168866,0.0,0.0079155672823219,0.11873350923482849,0.0079155672823219,111.16622691292876,3977.2758047493403
39,BAOULE,0.21495327102803738,Aucun,0.5295950155763239,Primaire,0.4517133956386293,Aucun,0.8442367601246106,Non connu,0.8940809968847352,Non connu,0.8940809968847352,Non connu,0.8940809968847352,0-17,0.8878504672897196,Proprietaire titre,0.3644859813084112,1.0,0.028037383177570093,0.1277258566978193,0.04984423676012461,0.028037383177570093,0.5482866043613707,0.4766355140186916,0.6355140186915887,0.2398753894080997,0.37694704049844235,0.021806853582554516,0.056074766355140186,0.009345794392523364,0.0,0.2336448598130841,0.0,98.8380062305296,32258.45308411215
40,Inconnue,0.38317757009345793,Aucun,0.6199376947040498,Aucun,0.5202492211838006,Aucun,0.9283489096573209,Non connu,0.9158878504672897,Non connu,0.9158878504672897,Non connu,0.9158878504672897,0-17,0.9345794392523364,Proprietaire titre,0.38006230529595014,0.9937694704049844,0.018691588785046728,0.0778816199376947,0.009345794392523364,0.018691588785046728,0.40498442367601245,0.11838006230529595,0.14641744548286603,0.7009345794392523,0.3894080996884735,0.012461059190031152,0.07165109034267912,0.021806853582554516,0.01557632398753894,0.2897196261682243,0.0,43.37694704049844,11845.254423676011
41,SENOUFO,0.47577092511013214,Aucun,0.6916299559471366,Aucun,0.6519823788546255,Aucun,0.947136563876652,Non connu,0.9008810572687225,Non connu,0.9008810572687225,Non connu,0.9008810572687225,0-17,0.9757709251101322,Proprietaire sans titre,0.4845814977973568,0.9559471365638766,0.01762114537444934,0.024229074889867842,0.0,0.01762114537444934,0.2488986784140969,0.2753303964757709,0.2687224669603524,0.5859030837004405,0.2290748898678414,0.006607929515418502,0.028634361233480177,0.0,0.0,0.09911894273127753,0.004405286343612335,14.008810572687224,5886.153568281938
42,BAOULE,0.7613636363636364,Aucun,0.4318181818181818,Primaire,0.4431818181818182,Aucun,0.7840909090909091,Non connu,0.9431818181818182,Non connu,0.9431818181818182,Non connu,0.9431818181818182,0-17,0.8863636363636364,Proprietaire titre,0.3181818181818182,1.0,0.011363636363636364,0.17045454545454544,0.11363636363636363,0.011363636363636364,0.6136363636363636,0.5340909090909091,0.6590909090909091,0.2159090909090909,0.375,0.011363636363636364,0.22727272727272727,0.0,0.011363636363636364,0.375,0.022727272727272728,93.43181818181819,10803.15909090909
43,Inconnue,0.42105263157894735,Aucun,0.6368421052631579,Aucun,0.5526315789473685,Aucun,0.9421052631578948,Non connu,0.9456140350877194,Non connu,0.9456140350877194,Non connu,0.9456140350877194,0-17,0.9421052631578948,Proprietaire sans titre,0.4789473684210526,0.9824561403508771,0.012280701754385965,0.04736842105263158,0.008771929824561403,0.012280701754385965,0.36140350877192984,0.3298245614035088,0.43508771929824563,0.4473684210526316,0.3280701754385965,0.008771929824561403,0.0456140350877193,0.017543859649122806,0.0035087719298245615,0.22456140350877193,0.012280701754385965,37.636866140350875,7944.227087719298
44,BAOULE,0.9615384615384616,Aucun,0.47435897435897434,Primaire,0.5299145299145299,Aucun,0.9230769230769231,Non connu,0.8846153846153846,Non connu,0.8846153846153846,Non connu,0.8846153846153846,0-17,0.905982905982906,Autre,0.4700854700854701,0.9529914529914529,0.004273504273504274,0.0641025641025641,0.004273504273504274,0.004273504273504274,0.5555555555555556,0.41452991452991456,0.44871794871794873,0.18803418803418803,0.19658119658119658,0.0,0.05128205128205128,0.0,0.0,0.11538461538461539,0.0,49.60683760683761,0.0
45,GOURO,0.4407894736842105,Aucun,0.5197368421052632,Primaire,0.4780701754385965,Aucun,0.9035087719298246,Non connu,0.8793859649122807,Non connu,0.8793859649122807,Non connu,0.8793859649122807,0-17,0.9298245614035088,Proprietaire sans titre,0.6293859649122807,0.9956140350877193,0.0043859649122807015,0.08552631578947369,0.02412280701754386,0.0043859649122807015,0.45394736842105265,0.5416666666666666,0.5745614035087719,0.2631578947368421,0.3399122807017544,0.0021929824561403508,0.05701754385964912,0.0,0.008771929824561403,0.17982456140350878,0.0,46.40350877192982,12148.373903508771
46,Inconnue,0.431924882629108,Aucun,0.5446009389671361,Aucun,0.431924882629108,Aucun,0.8262910798122066,Non connu,0.9295774647887324,Non connu,0.9295774647887324,Non connu,0.9295774647887324,0-17,0.9061032863849765,Proprietaire sans titre,0.3615023474178404,1.0,0.018779342723004695,0.09389671361502347,0.03755868544600939,0.018779342723004695,0.460093896713615,0.3615023474178404,0.39906103286384975,0.49765258215962443,0.36619718309859156,0.018779342723004695,0.09389671361502347,0.051643192488262914,0.03286384976525822,0.23943661971830985,0.004694835680751174,31.6056338028169,5976.907699530517
47,LOBI,0.46397694524495675,Aucun,0.8184438040345822,Aucun,0.7809798270893372,Aucun,0.9567723342939481,Non connu,0.7348703170028819,Non connu,0.7348703170028819,Non connu,0.7348703170028819,0-17,0.8847262247838616,Proprietaire sans titre,0.8443804034582133,0.9942363112391931,0.0,0.08069164265129683,0.01440922190201729,0.0,0.1642651296829971,0.06340057636887608,0.11527377521613832,0.49279538904899134,0.0893371757925072,0.0,0.020172910662824207,0.0,0.0,0.04610951008645533,0.002881844380403458,66.98559077809799,0.0
48,Inconnue,0.5062344139650873,Aucun,0.655860349127182,Aucun,0.5536159600997507,Aucun,0.940149625935162,Non connu,0.830423940149626,Non connu,0.830423940149626,Non connu,0.830423940149626,0-17,0.8778054862842892,Proprietaire titre,0.4937655860349127,0.9875311720698254,0.004987531172069825,0.10224438902743142,0.032418952618453865,0.004987531172069825,0.3566084788029925,0.3765586034912718,0.4389027431421446,0.39650872817955113,0.32418952618453867,0.0,0.032418952618453865,0.0024937655860349127,0.0024937655860349127,0.19201995012468828,0.0,153.14214463840398,29533.899775561098
49,BAOULE,0.22647058823529412,Aucun,0.43823529411764706,Aucun,0.36176470588235293,Aucun,0.7088235294117647,Non connu,0.9382352941176471,Non connu,0.9382352941176471,Non connu,0.9382352941176471,0-17,0.8970588235294118,Locataire,0.4823529411764706,0.95,0.07352941176470588,0.1323529411764706,0.07058823529411765,0.07352941176470588,0.65,0.8823529411764706,0.9382352941176471,0.05588235294117647,0.7970588235294118,0.09705882352941177,0.31176470588235294,0.07941176470588235,0.058823529411764705,0.37941176470588234,0.041176470588235294,76.11764705882354,7482.35294117647
50,SENOUFO,0.7486486486486487,Aucun,0.4243243243243243,Primaire,0.3621621621621622,Aucun,0.727027027027027,Non connu,0.9540540540540541,Non connu,0.9540540540540541,Non connu,0.9540540540540541,0-17,0.8675675675675676,Proprietaire titre,0.42702702702702705,0.9972972972972973,0.016216216216216217,0.14054054054054055,0.07837837837837838,0.016216216216216217,0.5945945945945946,0.9378378378378378,0.9324324324324325,0.03513513513513514,0.7297297297297297,0.043243243243243246,0.17297297297297298,0.032432432432432434,0.01891891891891892,0.42162162162162165,0.024324324324324326,58.752702702702706,2432.4324324324325
51,MALINKE OU MANINKA,0.6374695863746959,Aucun,0.805352798053528,Aucun,0.7785888077858881,Aucun,0.9708029197080292,Non connu,0.9367396593673966,Non connu,0.9367396593673966,Non connu,0.9367396593673966,0-17,0.9683698296836983,Proprietaire sans titre,0.7031630170316302,0.9902676399026764,0.012165450121654502,0.019464720194647202,0.0024330900243309003,0.012165450121654502,0.2141119221411192,0.7007299270072993,0.7785888077858881,0.17518248175182483,0.49635036496350365,0.004866180048661801,0.0705596107055961,0.0,0.004866180048661801,0.2384428223844282,0.0,0.0,0.0
52,Inconnue,0.2178649237472767,Aucun,1.0,Aucun,0.5925925925925926,Aucun,0.7923021060275962,Agriculture,0.8373275236020334,Entreprise Privée,0.9651416122004357,Travailleur pour compte propre,0.8714596949891068,45-54,0.6216412490922295,Proprietaire sans titre,0.5388525780682644,1.0,0.050835148874364564,0.9832970225127088,0.19753086419753085,0.050835148874364564,0.4720406681190995,0.45098039215686275,0.5177923021060276,0.355119825708061,0.4001452432824982,0.021060275962236745,0.08569353667392883,0.017429193899782137,0.013798111837327523,0.23311546840958605,0.006535947712418301,1897.3597846724763,187408.25996368917
53,SENOUFO,0.15230635335073978,Secondaire 1  (Post Primaire) générale,0.36205395996518713,Second. gl 1,0.39251523063533506,Aucun,0.4751958224543081,Non connu,0.8259355961705831,Non connu,0.8259355961705831,Non connu,0.8259355961705831,0-17,0.6997389033942559,Proprietaire titre,0.33507397737162753,0.9843342036553525,0.04264577893820714,0.31157528285465624,0.15230635335073978,0.04264577893820714,0.825065274151436,0.7806788511749347,0.8720626631853786,0.08268059181897303,0.6013925152306353,0.06440382941688425,0.2523933855526545,0.058311575282854654,0.0391644908616188,0.360313315926893,0.02610966057441253,164.6326930635335,18775.799869451697
54,Inconnue,0.30067567567567566,Aucun,0.46283783783783783,Aucun,0.38175675675675674,Aucun,0.75,Non connu,0.9324324324324325,Non connu,0.9324324324324325,Non connu,0.9324324324324325,0-17,0.9087837837837838,Locataire,0.47635135135135137,0.9898648648648649,0.02364864864864865,0.1554054054054054,0.08108108108108109,0.02364864864864865,0.5,0.75,0.7263513513513513,0.2533783783783784,0.777027027027027,0.05067567567567568,0.27702702702702703,0.10472972972972973,0.02364864864864865,0.48986486486486486,0.02027027027027027,100.01227331081081,13688.605202702704
55,Inconnue,0.1979296066252588,Aucun,0.6153209109730848,Aucun,0.5590062111801242,Aucun,0.9900621118012423,Non connu,0.9838509316770186,Non connu,0.9838509316770186,Non connu,0.9838509316770186,0-17,1.0,Proprietaire titre,0.30890269151138716,0.9888198757763975,0.035196687370600416,0.0037267080745341614,0.0008281573498964803,0.035196687370600416,0.3325051759834369,0.6252587991718427,0.7412008281573499,0.2,0.5768115942028985,0.036853002070393374,0.1648033126293996,0.034782608695652174,0.02360248447204969,0.3113871635610766,0.017391304347826087,6.725465838509317,2599.8437267080744
56,Inconnue,0.2130281690140845,Aucun,0.9982394366197183,Aucun,0.2746478873239437,Aucun,0.3961267605633803,Aut. services,0.22359154929577466,Entreprise Privée,0.7376760563380281,Travailleur pour compte propre,0.27816901408450706,35-44,0.3274647887323944,Locataire,0.7464788732394366,0.9982394366197183,0.23591549295774647,0.9947183098591549,0.772887323943662,0.23591549295774647,0.8485915492957746,0.9295774647887324,0.9383802816901409,0.05985915492957746,0.8838028169014085,0.17781690140845072,0.5334507042253521,0.23415492957746478,0.14084507042253522,0.5176056338028169,0.12852112676056338,1716.6502514788733,1501506.2741197185
57,YACOUBA OU DAN,0.6919060052219321,Aucun,0.5509138381201044,Primaire,0.48825065274151436,Aucun,0.9268929503916449,Non connu,0.8590078328981723,Non connu,0.8590078328981723,Non connu,0.8590078328981723,0-17,0.8929503916449086,Proprietaire sans titre,0.6762402088772846,0.9921671018276762,0.0026109660574412533,0.08093994778067885,0.005221932114882507,0.0026109660574412533,0.4830287206266319,0.2741514360313316,0.4621409921671018,0.26370757180156656,0.20365535248041775,0.0026109660574412533,0.028720626631853787,0.0026109660574412533,0.0,0.09138381201044386,0.018276762402088774,76.36814621409921,18151.28101827676
58,BAOULE,0.917981072555205,Aucun,0.5362776025236593,Primaire,0.5299684542586751,Aucun,0.8958990536277602,Non connu,0.7728706624605678,Non connu,0.7728706624605678,Non connu,0.7728706624605678,0-17,0.8958990536277602,Proprietaire sans titre,0.5110410094637224,0.9905362776025236,0.006309148264984227,0.0946372239747634,0.01892744479495268,0.006309148264984227,0.5615141955835962,0.6277602523659306,0.6782334384858044,0.14511041009463724,0.23974763406940064,0.01892744479495268,0.15772870662460567,0.025236593059936908,0.015772870662460567,0.14511041009463724,0.012618296529968454,41.86435331230284,0.0
59,BAOULE,0.3388804841149773,Aucun,1.0,Aucun,0.7065052950075643,Aucun,0.886535552193646,Agriculture,0.5521936459909228,Entreprise Privée,0.7655068078668684,Travailleur pour compte propre,0.5658093797276853,55-64,0.4114977307110439,Proprietaire sans titre,0.540090771558245,0.9969742813918305,0.0226928895612708,0.848714069591528,0.048411497730711045,0.0226928895612708,0.2934947049924357,0.5249621785173979,0.6217851739788199,0.21936459909228442,0.3146747352496218,0.037821482602118005,0.11951588502269289,0.009077155824508321,0.006051437216338881,0.2027231467473525,0.006051437216338881,929.3083331316187,18302.071679273828
60,SENOUFO,0.17457886676875958,Aucun,0.6125574272588055,Aucun,0.5671260847371108,Aucun,0.9652884124553344,Non connu,0.9862174578866769,Non connu,0.9862174578866769,Non connu,0.9862174578866769,0-17,1.0,Locataire,0.2843287391526289,0.9882593159775396,0.04185809086268504,0.005615109749872384,0.0035732516590096988,0.04185809086268504,0.3496681980602348,0.6921898928024502,0.815211842776927,0.13935681470137826,0.591628381827463,0.04134762633996937,0.17151607963246554,0.039816232771822356,0.019397651863195507,0.3343542623787647,0.014803471158754467,0.19601837672281777,183.76722817764164
61,MALINKE OU MANINKA,0.3425357873210634,Aucun,0.6042944785276073,Aucun,0.5204498977505112,Aucun,0.9049079754601227,Non connu,0.8629856850715747,Non connu,0.8629856850715747,Non connu,0.8629856850715747,0-17,0.8987730061349694,Proprietaire sans titre,0.4918200408997955,0.9979550102249489,0.026584867075664622,0.09202453987730061,0.032719836400818,0.026584867075664622,0.4284253578732106,0.5593047034764826,0.6257668711656442,0.2985685071574642,0.42535787321063395,0.007157464212678937,0.10224948875255624,0.0010224948875255625,0.006134969325153374,0.21063394683026584,0.003067484662576687,104.24220521472392,14503.763680981594
62,SENOUFO,0.8840970350404312,Aucun,0.6846361185983828,Aucun,0.6415094339622641,Aucun,0.9299191374663073,Non connu,0.7924528301886793,Non connu,0.7924528301886793,Non connu,0.7924528301886793,0-17,0.894878706199461,Proprietaire sans titre,0.5606469002695418,0.9973045822102425,0.008086253369272238,0.09433962264150944,0.026954177897574125,0.008086253369272238,0.3450134770889488,0.3477088948787062,0.4501347708894879,0.3611859838274933,0.2371967654986523,0.0,0.03234501347708895,0.0,0.0,0.15633423180592992,0.0,69.21024258760107,5582.048517520216
63,BAOULE,0.6120996441281139,Aucun,0.5231316725978647,Primaire,0.44483985765124556,Aucun,0.8932384341637011,Non connu,0.9181494661921709,Non connu,0.9181494661921709,Non connu,0.9181494661921709,0-17,0.9039145907473309,Proprietaire sans titre,0.6441281138790036,0.99644128113879,0.0035587188612099642,0.046263345195729534,0.014234875444839857,0.0035587188612099642,0.5266903914590747,0.45195729537366547,0.6120996441281139,0.1708185053380783,0.22419928825622776,0.014234875444839857,0.03558718861209965,0.0,0.0071174377224199285,0.10676156583629894,0.0,47.70106761565836,1515.6582562277579
64,BAOULE,0.2170172084130019,Aucun,0.5783938814531548,Second. gl 1,0.28967495219885275,Aucun,0.372848948374761,Non connu,0.5544933078393881,Non connu,0.5544933078393881,Non connu,0.5544933078393881,18-24,0.4349904397705545,Locataire,0.4435946462715105,0.9875717017208413,0.043021032504780114,0.9063097514340345,0.5688336520076482,0.043021032504780114,0.8001912045889101,0.8040152963671128,0.8718929254302104,0.09369024856596558,0.6223709369024857,0.07074569789674952,0.2982791586998088,0.06978967495219886,0.04684512428298279,0.3881453154875717,0.028680688336520075,713.7641528202677,150874.145
65,Inconnue,0.44533333333333336,Aucun,0.6106666666666667,Aucun,0.49866666666666665,Aucun,0.928,Non connu,0.8666666666666667,Non connu,0.8666666666666667,Non connu,0.8666666666666667,0-17,0.9146666666666666,Proprietaire sans titre,0.4,0.9973333333333333,0.005333333333333333,0.072,0.005333333333333333,0.005333333333333333,0.3626666666666667,0.07733333333333334,0.14666666666666667,0.7573333333333333,0.37066666666666664,0.0,0.016,0.02666666666666667,0.013333333333333334,0.25333333333333335,0.0026666666666666666,18.82133333333333,4331.171013333333
66,KOYAKA OU KOYARA,0.526984126984127,Aucun,0.6730158730158731,Aucun,0.5904761904761905,Aucun,0.9682539682539683,Non connu,0.8317460317460318,Non connu,0.8317460317460318,Non connu,0.8317460317460318,0-17,0.9619047619047619,Proprietaire sans titre,0.5746031746031746,0.9904761904761905,0.0031746031746031746,0.06031746031746032,0.012698412698412698,0.0031746031746031746,0.28253968253968254,0.5365079365079365,0.6857142857142857,0.20634920634920634,0.4380952380952381,0.03492063492063492,0.15873015873015872,0.0380952380952381,0.0,0.21587301587301588,0.015873015873015872,13.333333333333334,2013.6908888888888
67,Inconnue,0.2693877551020408,Aucun,0.4448979591836735,Primaire,0.363265306122449,Aucun,0.7346938775510204,Non connu,0.9224489795918367,Non connu,0.9224489795918367,Non connu,0.9224489795918367,0-17,0.9061224489795918,Locataire,0.4775510204081633,0.9795918367346939,0.044897959183673466,0.13877551020408163,0.09387755102040816,0.044897959183673466,0.6326530612244898,0.7183673469387755,0.5591836734693878,0.4163265306122449,0.6163265306122448,0.08163265306122448,0.1346938775510204,0.1469387755102041,0.02040816326530612,0.4204081632653061,0.012244897959183673,111.24909142857142,37705.01224489796
68,Inconnue,0.3220338983050847,Aucun,0.9981167608286252,Aucun,0.67984934086629,Aucun,0.8380414312617702,Agriculture,0.5386064030131826,Entreprise Privée,0.9133709981167608,Travailleur pour compte propre,0.647834274952919,35-44,0.3050847457627119,Proprietaire titre,0.2975517890772128,1.0,0.005649717514124294,0.9020715630885122,0.22598870056497175,0.005649717514124294,0.4067796610169492,0.5009416195856874,0.6421845574387948,0.23163841807909605,0.4256120527306968,0.015065913370998116,0.064030131826742,0.02071563088512241,0.003766478342749529,0.1977401129943503,0.005649717514124294,1820.0545001129942,265588.65133709984
69,SENOUFO,0.480083857442348,Aucun,0.7735849056603774,Aucun,0.7064989517819706,Aucun,0.9433962264150944,Non connu,0.7421383647798742,Non connu,0.7421383647798742,Non connu,0.7421383647798742,0-17,0.89937106918239,Proprietaire sans titre,0.5660377358490566,0.9287211740041929,0.018867924528301886,0.08385744234800839,0.016771488469601678,0.018867924528301886,0.22851153039832284,0.28721174004192873,0.3165618448637317,0.5786163522012578,0.25366876310272535,0.008385744234800839,0.031446540880503145,0.0,0.0,0.12159329140461216,0.008385744234800839,42.17190775681342,9351.486918238994
70,Inconnue,0.3611859838274933,Aucun,0.5633423180592992,Aucun,0.48517520215633425,Aucun,0.9514824797843666,Non connu,0.9433962264150944,Non connu,0.9433962264150944,Non connu,0.9433962264150944,0-17,0.9487870619946092,Proprietaire titre,0.48517520215633425,0.9892183288409704,0.008086253369272238,0.04851752021563342,0.005390835579514825,0.008086253369272238,0.41778975741239893,0.39622641509433965,0.5309973045822103,0.3746630727762803,0.37735849056603776,0.0026954177897574125,0.05929919137466307,0.008086253369272238,0.005390835579514825,0.23180592991913745,0.0,26.857142857142858,3748.6805929919137
71,SENOUFO,0.19133034379671152,Aucun,0.6233183856502242,Aucun,0.5455904334828101,Aucun,0.9367214748380668,Non connu,0.9172894867962132,Non connu,0.9172894867962132,Non connu,0.9172894867962132,0-17,0.9481813652217239,Proprietaire sans titre,0.5515695067264574,0.9691081215744893,0.015445939212755356,0.039860488290981565,0.008968609865470852,0.015445939212755356,0.37717987045341306,0.4155455904334828,0.5117090184354758,0.3034379671150972,0.31340308918784254,0.019930244145490782,0.08719481813652218,0.01245640259093174,0.006975585450921774,0.1768809167912307,0.003487792725460887,22.270054808171402,1907.1806327852514
72,BAOULE,0.30446927374301674,Aucun,0.43575418994413406,Primaire,0.4106145251396648,Aucun,0.7569832402234636,Non connu,0.9441340782122905,Non connu,0.9441340782122905,Non connu,0.9441340782122905,0-17,0.8854748603351955,Locataire,0.4245810055865922,0.9581005586592178,0.07262569832402235,0.14804469273743018,0.1005586592178771,0.07262569832402235,0.6620111731843575,0.8575418994413407,0.9134078212290503,0.061452513966480445,0.7346368715083799,0.07262569832402235,0.24860335195530725,0.10893854748603352,0.05027932960893855,0.3324022346368715,0.027932960893854747,80.60541759776537,23075.391061452516
73,DJIMINI,0.5225464190981433,Aucun,0.6551724137931034,Aucun,0.5596816976127321,Aucun,0.9389920424403183,Non connu,0.7082228116710876,Non connu,0.7082228116710876,Non connu,0.7082228116710876,0-17,0.8859416445623343,Proprietaire sans titre,0.7824933687002652,0.883289124668435,0.0,0.11671087533156499,0.01856763925729443,0.0,0.3687002652519894,0.32891246684350134,0.38726790450928383,0.3793103448275862,0.09814323607427056,0.002652519893899204,0.04509283819628647,0.0,0.0,0.07957559681697612,0.0,57.07692307692308,1591.5119363395224
74,GOURO,0.470873786407767,Aucun,0.5436893203883495,Primaire,0.4684466019417476,Aucun,0.9174757281553398,Non connu,0.9271844660194175,Non connu,0.9271844660194175,Non connu,0.9271844660194175,0-17,0.9514563106796117,Proprietaire sans titre,0.6213592233009708,0.9902912621359223,0.0048543689320388345,0.06310679611650485,0.014563106796116505,0.0048543689320388345,0.4368932038834951,0.5485436893203883,0.5703883495145631,0.2669902912621359,0.3276699029126214,0.007281553398058253,0.04611650485436893,0.0,0.0048543689320388345,0.17233009708737865,0.0,6.694174757281553,0.0
75,AGNI,0.7536945812807881,Aucun,0.5270935960591133,Primaire,0.45320197044334976,Aucun,0.8817733990147784,Non connu,0.9211822660098522,Non connu,0.9211822660098522,Non connu,0.9211822660098522,0-17,0.8669950738916257,Proprietaire sans titre,0.541871921182266,0.9950738916256158,0.0,0.09852216748768473,0.034482758620689655,0.0,0.5073891625615764,0.6847290640394089,0.7980295566502463,0.06403940886699508,0.3793103448275862,0.029556650246305417,0.08374384236453201,0.014778325123152709,0.014778325123152709,0.26108374384236455,0.009852216748768473,60.57142857142857,12066.364532019705
76,SENOUFO,0.18876941457586618,Aucun,1.0,Aucun,0.4850657108721625,Aucun,0.6535244922341696,Agriculture,0.3309438470728793,Entreprise Privée,0.8446833930704899,Travailleur pour compte propre,0.5782556750298686,45-54,0.6188769414575866,Locataire,0.3751493428912784,1.0,0.12066905615292713,0.989247311827957,0.5077658303464755,0.12066905615292713,0.6260454002389486,0.7526881720430108,0.8303464755077659,0.14336917562724014,0.7072879330943848,0.06810035842293907,0.24372759856630824,0.07168458781362007,0.04898446833930705,0.41935483870967744,0.026284348864994027,1932.1515199761052,801516.8491039427
77,BAOULE,0.44359255202628695,Aucun,0.5706462212486308,Primaire,0.4589266155531216,Aucun,0.8899233296823659,Non connu,0.8176341730558598,Non connu,0.8176341730558598,Non connu,0.8176341730558598,0-17,0.8817086527929902,Proprietaire sans titre,0.5377875136911281,0.9895947426067908,0.014786418400876232,0.09857612267250822,0.023001095290251915,0.014786418400876232,0.48028477546549836,0.5366922234392114,0.624315443592552,0.15279299014238773,0.26396495071193865,0.020262869660460023,0.0859802847754655,0.009309967141292442,0.012048192771084338,0.12431544359255203,0.0032858707557502738,76.61610076670317,14572.425980284776
78,Inconnue,0.38847117794486213,Aucun,0.6340852130325815,Aucun,0.5288220551378446,Aucun,0.899749373433584,Non connu,0.8020050125313283,Non connu,0.8020050125313283,Non connu,0.8020050125313283,0-17,0.8596491228070176,Proprietaire titre,0.5012531328320802,1.0,0.017543859649122806,0.15789473684210525,0.05263157894736842,0.017543859649122806,0.40601503759398494,0.15037593984962405,0.16791979949874686,0.6691729323308271,0.42105263157894735,0.010025062656641603,0.05012531328320802,0.02506265664160401,0.007518796992481203,0.3057644110275689,0.0,186.69423558897242,61419.856791979946
79,AKYE OU ATTIE,0.26262626262626265,Aucun,0.5218855218855218,Aucun,0.43097643097643096,Aucun,0.8434343434343434,Non connu,0.9444444444444444,Non connu,0.9444444444444444,Non connu,0.9444444444444444,0-17,0.9023569023569024,Proprietaire sans titre,0.38215488215488214,0.98989898989899,0.025252525252525252,0.09259259259259259,0.03198653198653199,0.025252525252525252,0.5589225589225589,0.6734006734006734,0.7457912457912458,0.1734006734006734,0.4898989898989899,0.03367003367003367,0.12121212121212122,0.003367003367003367,0.0016835016835016834,0.2558922558922559,0.0016835016835016834,21.73063973063973,3354.3181313131313
80,BAOULE,0.312202852614897,Aucun,0.9952456418383518,Aucun,0.7591125198098256,Aucun,0.9413629160063391,Agriculture,0.5974643423137876,Entreprise Privée,0.7828843106180665,Travailleur pour compte propre,0.4532488114104596,35-44,0.3518225039619651,Proprietaire sans titre,0.45800316957210774,0.9968304278922345,0.006339144215530904,0.5863708399366085,0.05229793977812995,0.006339144215530904,0.23613312202852615,0.3993660855784469,0.49128367670364503,0.27099841521394613,0.2329635499207607,0.014263074484944533,0.0491283676703645,0.006339144215530904,0.011093502377179081,0.12044374009508717,0.003169572107765452,803.554675118859,43329.42031695721
81,Inconnue,0.16983372921615203,Aucun,0.336104513064133,Second. gl 1,0.3752969121140142,Aucun,0.49584323040380046,Non connu,0.747624703087886,Non connu,0.747624703087886,Non connu,0.747624703087886,0-17,0.7238717339667459,Proprietaire titre,0.3497624703087886,0.9839667458432304,0.023752969121140142,0.2986935866983373,0.1502375296912114,0.023752969121140142,0.8087885985748219,0.6852731591448931,0.7790973871733967,0.15558194774346792,0.5492874109263658,0.040380047505938245,0.18705463182897863,0.026128266033254157,0.030878859857482184,0.30581947743467935,0.021377672209026127,240.80221342042753,64014.19834916864
82,SENOUFO,0.6832460732984293,Aucun,0.7905759162303665,Aucun,0.7460732984293194,Aucun,0.9502617801047121,Non connu,0.7801047120418848,Non connu,0.7801047120418848,Non connu,0.7801047120418848,0-17,0.9083769633507853,Proprietaire sans titre,0.4319371727748691,0.9921465968586387,0.013089005235602094,0.07591623036649214,0.007853403141361256,0.013089005235602094,0.23821989528795812,0.6701570680628273,0.7984293193717278,0.1387434554973822,0.3507853403141361,0.0,0.060209424083769635,0.0,0.002617801047120419,0.1387434554973822,0.002617801047120419,65.07853403141361,16132.55285340314
83,YACOUBA OU DAN,0.43157894736842106,Aucun,0.5078947368421053,Aucun,0.42105263157894735,Aucun,0.7289473684210527,Non connu,0.9315789473684211,Non connu,0.9315789473684211,Non connu,0.9315789473684211,0-17,0.868421052631579,Locataire,0.3684210526315789,0.9947368421052631,0.02368421052631579,0.10789473684210527,0.05,0.02368421052631579,0.531578947368421,0.6368421052631579,0.8657894736842106,0.07368421052631578,0.6236842105263158,0.05,0.22631578947368422,0.031578947368421054,0.013157894736842105,0.27631578947368424,0.015789473684210527,81.15,3151.915789473684
84,MALINKE OU MANINKA,0.2297551789077213,Aucun,0.6468926553672316,Aucun,0.5743879472693032,Aucun,0.943502824858757,Non connu,0.8907721280602636,Non connu,0.8907721280602636,Non connu,0.8907721280602636,0-17,0.9472693032015066,Proprietaire sans titre,0.6581920903954802,0.9971751412429378,0.015065913370998116,0.031073446327683617,0.009416195856873822,0.015065913370998116,0.3644067796610169,0.4387947269303202,0.4868173258003766,0.3192090395480226,0.2871939736346516,0.01694915254237288,0.06685499058380415,0.009416195856873822,0.003766478342749529,0.15160075329566855,0.011299435028248588,32.164783427495294,1495.3339548022598
85,Inconnue,0.2335148215366001,Aucun,0.9969751966122202,Aucun,0.6001209921355112,Aucun,0.8076225045372051,Agriculture,0.7931034482758621,Entreprise Privée,0.9630973986690865,Travailleur pour compte propre,0.7900786448880823,35-44,0.5178463399879008,Proprietaire sans titre,0.4652147610405324,1.0,0.045372050816696916,0.9891107078039928,0.32304900181488205,0.045372050816696916,0.4482758620689655,0.397459165154265,0.5051421657592257,0.37326073805202664,0.35934664246823955,0.013309134906231096,0.055051421657592255,0.011494252873563218,0.010889292196007259,0.2075015124016939,0.0024198427102238356,1863.12396538415,233103.52722323049
86,BAOULE,0.631578947368421,Aucun,0.555921052631579,Primaire,0.4769736842105263,Aucun,0.8980263157894737,Non connu,0.9177631578947368,Non connu,0.9177631578947368,Non connu,0.9177631578947368,0-17,0.9210526315789473,Proprietaire sans titre,0.6776315789473685,0.993421052631579,0.009868421052631578,0.06907894736842106,0.013157894736842105,0.009868421052631578,0.5098684210526315,0.39144736842105265,0.569078947368421,0.19736842105263158,0.23684210526315788,0.006578947368421052,0.05263157894736842,0.0,0.0,0.1611842105263158,0.0,73.27302631578948,7775.583256578948
87,Inconnue,0.3120728929384966,Aucun,0.6127562642369021,Aucun,0.49658314350797267,Aucun,0.9157175398633257,Non connu,0.9020501138952164,Non connu,0.9020501138952164,Non connu,0.9020501138952164,0-17,0.9111617312072893,Proprietaire sans titre,0.5535307517084282,0.9954441913439636,0.01366742596810934,0.07517084282460136,0.01366742596810934,0.01366742596810934,0.428246013667426,0.1571753986332574,0.19134396355353075,0.6332574031890661,0.2528473804100228,0.00683371298405467,0.02050113895216401,0.00683371298405467,0.011389521640091117,0.14350797266514806,0.0,70.93394077448747,2790.362619589977
88,BAOULE,0.2284434490481523,Aucun,1.0,Aucun,0.896976483762598,Aucun,0.9776035834266518,Agriculture,0.6438969764837627,Entreprise Privée,0.70996640537514,Travailleur Familial contribuant pour une entreprise familial,0.3762597984322508,55-64,0.47256438969764836,Proprietaire sans titre,0.6226203807390818,0.9955207166853304,0.010078387458006719,0.4658454647256439,0.011198208286674132,0.010078387458006719,0.10078387458006718,0.46248600223964165,0.5319148936170213,0.28331466965285557,0.25083986562150057,0.013437849944008958,0.03807390817469205,0.004479283314669653,0.0,0.12206047032474804,0.0033594624860022394,468.20044792833147,13741.408409854424
89,AGNI,0.7620817843866171,Aucun,0.550185873605948,Primaire,0.44609665427509293,Aucun,0.8587360594795539,Non connu,0.8698884758364313,Non connu,0.8698884758364313,Non connu,0.8698884758364313,0-17,0.8587360594795539,Proprietaire sans titre,0.5390334572490706,0.9851301115241635,0.0,0.09665427509293681,0.03717472118959108,0.0,0.5539033457249071,0.6617100371747212,0.7769516728624535,0.048327137546468404,0.37174721189591076,0.04460966542750929,0.10780669144981413,0.01858736059479554,0.026022304832713755,0.241635687732342,0.01858736059479554,106.89219330855019,25734.955762081783
90,AGNI,0.22393822393822393,Aucun,0.4749034749034749,Aucun,0.41312741312741313,Aucun,0.7065637065637066,Non connu,0.9459459459459459,Non connu,0.9459459459459459,Non connu,0.9459459459459459,0-17,0.9073359073359073,Locataire,0.4594594594594595,1.0,0.03474903474903475,0.10810810810810811,0.09266409266409266,0.03474903474903475,0.583011583011583,0.8416988416988417,0.9073359073359073,0.08108108108108109,0.8223938223938224,0.08494208494208494,0.2277992277992278,0.05791505791505792,0.05019305019305019,0.5714285714285714,0.03474903474903475,54.463320463320464,5411.95583011583
91,BAOULE,0.23413566739606126,Aucun,1.0,Aucun,0.87527352297593,Aucun,0.9540481400437637,Agriculture,0.5361050328227571,Entreprise Privée,0.5864332603938731,Travailleur pour compte propre,0.5404814004376368,65+,0.9912472647702407,Proprietaire sans titre,0.5339168490153173,0.9978118161925602,0.010940919037199124,0.6105032822757112,0.02188183807439825,0.010940919037199124,0.175054704595186,0.4989059080962801,0.5601750547045952,0.212253829321663,0.20787746170678337,0.006564551422319475,0.0350109409190372,0.002188183807439825,0.0,0.10284463894967177,0.002188183807439825,961.1148645514223,17745.66658643326
92,Inconnue,0.32095238095238093,Aucun,0.9971428571428571,Aucun,0.8133333333333334,Aucun,0.9380952380952381,Non connu,0.4219047619047619,Entreprise Privée,0.5714285714285714,Non connu,0.4219047619047619,25-34,0.49238095238095236,Locataire,0.2638095238095238,1.0,0.008571428571428572,0.6371428571428571,0.12857142857142856,0.008571428571428572,0.22,0.5571428571428572,0.68,0.23904761904761904,0.5342857142857143,0.017142857142857144,0.0838095238095238,0.01619047619047619,0.007619047619047619,0.24952380952380954,0.0038095238095238095,617.1356751428572,34179.8478952381
93,BAOULE,0.27946127946127947,Aucun,0.9663299663299664,Aucun,0.30976430976430974,Aucun,0.5622895622895623,Agriculture,0.20875420875420875,Entreprise Privée,0.7912457912457912,Travailleur pour compte propre,0.42424242424242425,25-34,0.3872053872053872,Locataire,0.5488215488215489,0.9966329966329966,0.07744107744107744,0.9629629629629629,0.5117845117845118,0.07744107744107744,0.7441077441077442,0.7003367003367004,0.8080808080808081,0.14814814814814814,0.7037037037037037,0.09427609427609428,0.17845117845117844,0.1111111111111111,0.04377104377104377,0.4208754208754209,0.013468013468013467,1433.0748655555556,442924.074006734
94,Inconnue,0.15163147792706333,Aucun,0.7044145873320538,Second. gl 2,0.2092130518234165,Aucun,0.2629558541266795,Non connu,0.4472168905950096,Entreprise Privée,0.5124760076775432,Non connu,0.4472168905950096,25-34,0.3742802303262956,Locataire,0.5873320537428023,0.9904030710172744,0.08445297504798464,0.9213051823416507,0.7907869481765835,0.08445297504798464,0.9213051823416507,0.9174664107485605,0.9078694817658349,0.08829174664107485,0.8560460652591171,0.1765834932821497,0.5009596928982726,0.21689059500959693,0.21305182341650672,0.4952015355086372,0.12667946257197696,1050.7830556046065,644114.5869289828
95,Inconnue,0.22309197651663404,Aucun,0.4461839530332681,Aucun,0.3913894324853229,Aucun,0.7553816046966731,Non connu,0.9549902152641878,Non connu,0.9549902152641878,Non connu,0.9549902152641878,0-17,0.8806262230919765,Locataire,0.46771037181996084,0.9921722113502935,0.025440313111545987,0.10371819960861056,0.050880626223091974,0.025440313111545987,0.5518590998043053,0.7749510763209393,0.8277886497064579,0.12915851272015655,0.7025440313111546,0.015655577299412915,0.15655577299412915,0.03913894324853229,0.0136986301369863,0.42857142857142855,0.0,89.15068493150685,7779.07240704501
96,Inconnue,0.4548872180451128,Aucun,0.650375939849624,Aucun,0.5827067669172933,Aucun,0.9586466165413534,Non connu,0.8834586466165414,Non connu,0.8834586466165414,Non connu,0.8834586466165414,0-17,0.9135338345864662,Proprietaire sans titre,0.4548872180451128,0.9887218045112782,0.007518796992481203,0.07518796992481203,0.007518796992481203,0.007518796992481203,0.39097744360902253,0.556390977443609,0.5714285714285714,0.20300751879699247,0.4849624060150376,0.03759398496240601,0.09398496240601503,0.0037593984962406013,0.0037593984962406013,0.37218045112781956,0.0,96.6390977443609,8248.212406015038
